,Entity,Code,Year,"Child mortality rate (per 1,000 live births) ",$ Spent per Citizen,Total Population
1049,Australia,AUS,1971,21,982.3137,12987847
1050,Australia,AUS,1972,20.3,989.9003,13236895
1051,Australia,AUS,1973,19.4,1007.0003,13472175
1052,Australia,AUS,1974,18.4,1138.423,13690285
1053,Australia,AUS,1975,17.3,1299.7468,13889696
1054,Australia,AUS,1976,16.2,1337.0718,14067994
1055,Australia,AUS,1977,15.2,1403.1552,14227905
1056,Australia,AUS,1978,14.4,1410.1761,14379565
1057,Australia,AUS,1979,13.6,1410.7119,14536839
1058,Australia,AUS,1980,13,1440.4453,14709918
1059,Australia,AUS,1981,12.6,1467.8877,14901610
1060,Australia,AUS,1982,12.2,1475.0446,15109659
1061,Australia,AUS,1983,11.9,1508.2358,15332790
1062,Australia,AUS,1984,11.6,1561.121,15567927
1063,Australia,AUS,1985,11.3,1617.1644,15812088
1064,Australia,AUS,1986,11,1688.0412,16066496
1065,Australia,AUS,1987,10.6,1712.2838,16330369
1066,Australia,AUS,1988,10.2,1736.7152,16596096
1067,Australia,AUS,1989,9.7,1783.3481,16853690
1068,Australia,AUS,1990,9.2,1853.1596,17096153
1069,Australia,AUS,1991,8.7,1920.2033,17320633
1070,Australia,AUS,1992,8.2,1994.4415,17529469
1071,Australia,AUS,1993,7.7,2060.3732,17727413
1072,Australia,AUS,1994,7.3,2129.3472,17921818
1073,Australia,AUS,1995,7,2202.176,18118416
1074,Australia,AUS,1996,6.8,2307.517,18319637
1075,Australia,AUS,1997,6.6,2392.0429,18525153
1076,Australia,AUS,1998,6.4,2543.6197,18734878
1077,Australia,AUS,1999,6.3,2646.7086,18947894
1078,Australia,AUS,2000,6.2,2767.6725,19164351
1079,Australia,AUS,2001,6.1,2872.3738,19382188
1080,Australia,AUS,2002,6,2999.5093,19604051
1081,Australia,AUS,2003,5.9,3090.6573,19840120
1082,Australia,AUS,2004,5.8,3240.3186,20103822
1083,Australia,AUS,2005,5.7,3242.9106,20403520
1084,Australia,AUS,2006,5.6,3323.2565,20744295
1085,Australia,AUS,2007,5.4,3415.193,21119988
1086,Australia,AUS,2008,5.2,3494.4375,21513817
1087,Australia,AUS,2009,5,3629.7041,21902300
1088,Australia,AUS,2010,4.8,3607.3407,22268384
1089,Australia,AUS,2011,4.6,3738.1767,22605732
1090,Australia,AUS,2012,4.3,3831.3635,22918688
1091,Australia,AUS,2013,4.2,3901.7343,23213944
1248,Austria,AUT,1970,29.1,849.863,7465908
1249,Austria,AUT,1971,28.7,876.7198,7497731
1250,Austria,AUT,1972,28,924.9049,7526469
1251,Austria,AUT,1973,26.8,983.3833,7550638
1252,Austria,AUT,1974,25.1,1068.3942,7568347
1253,Austria,AUT,1975,23,1365.5542,7578498
1254,Austria,AUT,1976,21.1,1481.9085,7580564
1255,Austria,AUT,1977,19.4,1543.0276,7575669
1256,Austria,AUT,1978,18.1,1602.6562,7566450
1257,Austria,AUT,1979,17.1,1685.3273,7556551
1258,Austria,AUT,1980,16.2,1738.9518,7548798
1259,Austria,AUT,1981,15.5,1485.8219,7544359
1260,Austria,AUT,1982,14.8,1508.3548,7543194
1261,Austria,AUT,1983,14,1512.4136,7545472
1262,Austria,AUT,1984,13.3,1525.3671,7550960
1263,Austria,AUT,1985,12.6,1597.0039,7559621
1264,Austria,AUT,1986,11.9,1661.8794,7570906
1265,Austria,AUT,1987,11.2,1763.1259,7585345
1266,Austria,AUT,1988,10.5,1816.3715,7605095
1267,Austria,AUT,1989,10,1920.5468,7632984
1268,Austria,AUT,1990,9.5,2347.0307,7670513
1269,Austria,AUT,1991,9,2423.6339,7719577
1270,Austria,AUT,1992,8.5,2540.0944,7778255
1271,Austria,AUT,1993,7.9,2696.6659,7839625
1272,Austria,AUT,1994,7.4,2875.3106,7894229
1273,Austria,AUT,1995,6.8,2925.7651,7935624
1274,Austria,AUT,1996,6.4,2978.1928,7960464
1275,Austria,AUT,1997,6,3074.4388,7971553
1276,Austria,AUT,1998,5.8,3240.746,7976117
1277,Austria,AUT,1999,5.6,3404.3271,7984694
1278,Austria,AUT,2000,5.5,3472.7366,8004712
1279,Austria,AUT,2001,5.4,3531.3159,8038480
1280,Austria,AUT,2002,5.3,3620.3297,8083059
1281,Austria,AUT,2003,5.2,3695.6138,8134235
1282,Austria,AUT,2004,5.1,3797.4718,8185553
1283,Austria,AUT,2005,4.9,3826.3191,8232196
1284,Austria,AUT,2006,4.8,3893.9178,8273208
1285,Austria,AUT,2007,4.6,4020.3699,8309783
1286,Austria,AUT,2008,4.5,4136.9982,8341806
1287,Austria,AUT,2009,4.4,4178.429,8369639
1288,Austria,AUT,2010,4.3,4236.3164,8393644
1289,Austria,AUT,2011,4.2,4253.5175,8413429
1290,Austria,AUT,2012,4.1,4362.1556,8428915
1291,Austria,AUT,2013,3.9,4352.5783,8441263
1895,Belgium,BEL,1970,23.9,683.3738,9624908
1896,Belgium,BEL,1971,23,723.5906,9660688
1897,Belgium,BEL,1972,21.9,788.4374,9696539
1898,Belgium,BEL,1973,20.8,891.1623,9730978
1899,Belgium,BEL,1974,19.6,939.3939,9761867
1900,Belgium,BEL,1975,18.6,1154.0117,9787677
1901,Belgium,BEL,1976,17.6,1262.6339,9808403
1902,Belgium,BEL,1977,16.7,1372.7239,9824685
1903,Belgium,BEL,1978,15.9,1453.5338,9836487
1904,Belgium,BEL,1979,15.2,1482.0677,9843898
1905,Belgium,BEL,1980,14.5,1494.2748,9847297
1906,Belgium,BEL,1981,13.9,1590.1579,9846320
1907,Belgium,BEL,1982,13.3,1655.4796,9841800
1908,Belgium,BEL,1983,12.7,1701.4332,9836784
1909,Belgium,BEL,1984,12.2,1703.9211,9835279
1910,Belgium,BEL,1985,11.8,1744.1525,9840123
1911,Belgium,BEL,1986,11.4,1819.5336,9852488
1912,Belgium,BEL,1987,11,1888.226,9871551
1913,Belgium,BEL,1988,10.7,1970.8607,9895654
1914,Belgium,BEL,1989,10.3,2015.7184,9922158
1915,Belgium,BEL,1990,10,2085.3743,9949019
1916,Belgium,BEL,1991,9.6,2208.0614,9976325
1917,Belgium,BEL,1992,9.2,2286.7203,10004469
1918,Belgium,BEL,1993,8.7,2292.4751,10032084
1919,Belgium,BEL,1994,8.2,2297.5698,10057529
1920,Belgium,BEL,1995,7.6,2334.5471,10079873
1921,Belgium,BEL,1996,7.1,2454.2452,10098192
1922,Belgium,BEL,1997,6.7,2492.5703,10113392
1923,Belgium,BEL,1998,6.4,2577.5149,10128653
1924,Belgium,BEL,1999,6.1,2720.044,10148371
1925,Belgium,BEL,2000,5.9,2826.9874,10175684
1926,Belgium,BEL,2001,5.7,2898.5499,10211264
1927,Belgium,BEL,2002,5.5,2994.2747,10254025
1928,Belgium,BEL,2003,5.3,3305.4234,10303108
1929,Belgium,BEL,2004,5.2,3418.6101,10356993
1930,Belgium,BEL,2005,5,3442.567,10414209
1931,Belgium,BEL,2006,4.9,3469.8104,10474993
1932,Belgium,BEL,2007,4.8,3577.1295,10538758
1933,Belgium,BEL,2008,4.7,3725.1113,10602167
1934,Belgium,BEL,2009,4.6,3900.7277,10660938
1935,Belgium,BEL,2010,4.5,3901.9126,10712066
1936,Belgium,BEL,2011,4.4,3986.078,10754056
1937,Belgium,BEL,2012,4.3,4006.2239,10787788
1938,Belgium,BEL,2013,4.2,4062.795,10815599
3307,Canada,CAN,1970,22,1295.7665,21716855
3308,Canada,CAN,1971,21,1390.037,22048431
3309,Canada,CAN,1972,19.9,1430.5746,22344104
3310,Canada,CAN,1973,18.9,1437.3807,22614673
3311,Canada,CAN,1974,18,1442.2155,22876657
3312,Canada,CAN,1975,17,1553.5575,23142272
3313,Canada,CAN,1976,16,1621.8955,23416090
3314,Canada,CAN,1977,15.1,1653.0144,23695198
3315,Canada,CAN,1978,14.2,1694.2938,23975639
3316,Canada,CAN,1979,13.3,1711.5811,24250641
3317,Canada,CAN,1980,12.5,1773.2352,24516277
3318,Canada,CAN,1981,11.8,1867.9228,24769849
3319,Canada,CAN,1982,11.2,1979.7332,25016047
3320,Canada,CAN,1983,10.6,2057.1832,25266950
3321,Canada,CAN,1984,10.1,2126.6136,25538860
3322,Canada,CAN,1985,9.8,2209.266,25842588
3323,Canada,CAN,1986,9.4,2306.182,26183106
3324,Canada,CAN,1987,9.1,2351.3938,26554540
3325,Canada,CAN,1988,8.8,2423.1176,26943398
3326,Canada,CAN,1989,8.6,2500.3536,27330298
3327,Canada,CAN,1990,8.3,2595.9141,27700854
3328,Canada,CAN,1991,8,2714.7232,28051725
3329,Canada,CAN,1992,7.7,2781.2469,28386162
3330,Canada,CAN,1993,7.4,2788.8032,28704519
3331,Canada,CAN,1994,7.2,2771.8514,29009032
3332,Canada,CAN,1995,6.9,2720.2965,29302092
3333,Canada,CAN,1996,6.7,2672.6873,29582222
3334,Canada,CAN,1997,6.5,2753.7682,29850242
3335,Canada,CAN,1998,6.4,2915.6411,30113972
3336,Canada,CAN,1999,6.3,2963.8153,30383823
3337,Canada,CAN,2000,6.2,3058.155,30667365
3338,Canada,CAN,2001,6.2,3219.9298,30967236
3339,Canada,CAN,2002,6.1,3369.4221,31281727
3340,Canada,CAN,2003,6.1,3458.5634,31608562
3341,Canada,CAN,2004,6.1,3553.4721,31943605
3342,Canada,CAN,2005,6.1,3619.4946,32283413
3343,Canada,CAN,2006,6,3745.9104,32627978
3344,Canada,CAN,2007,5.9,3823.2951,32977334
3345,Canada,CAN,2008,5.8,3888.0876,33327954
3346,Canada,CAN,2009,5.7,4168.1453,33675448
3347,Canada,CAN,2010,5.6,4242.3395,34016593
3348,Canada,CAN,2011,5.6,4197.4339,34349561
3349,Canada,CAN,2012,5.5,4217.7065,34674708
3350,Canada,CAN,2013,5.5,4227.6444,34993747
3868,Chile,CHL,1995,13.1,518.8709,14409416
3869,Chile,CHL,1996,12.5,571.4461,14630769
3870,Chile,CHL,1997,12.2,602.4807,14840038
3871,Chile,CHL,1998,11.9,643.746,15039162
3872,Chile,CHL,1999,11.5,643.4363,15231557
3873,Chile,CHL,2000,10.9,672.0826,15419820
3874,Chile,CHL,2001,10.3,702.5606,15604200
3875,Chile,CHL,2002,9.8,723.3348,15783991
3876,Chile,CHL,2003,9.5,847.996,15959793
3877,Chile,CHL,2004,9.3,900.6741,16132209
3878,Chile,CHL,2005,9.2,945.5478,16301726
3879,Chile,CHL,2006,9.1,986.7056,16468677
3880,Chile,CHL,2007,9.1,1053.6318,16633254
3881,Chile,CHL,2008,9.1,1084.6686,16795593
3882,Chile,CHL,2009,9,1153.454,16955737
3883,Chile,CHL,2010,8.8,1219.6509,17113688
3884,Chile,CHL,2011,8.5,1279.5465,17269525
3885,Chile,CHL,2012,8.4,1355.3914,17423214
3886,Chile,CHL,2013,8.3,1464.9806,17574464
4947,Czech Republic,CZE,1990,12.2,716.5572,10302718
4948,Czech Republic,CZE,1991,11.7,658.0074,10307130
4949,Czech Republic,CZE,1992,11,674.823,10313662
4950,Czech Republic,CZE,1993,10.2,903.4505,10319923
4951,Czech Republic,CZE,1994,9.4,957.5316,10322561
4952,Czech Republic,CZE,1995,8.5,1058.9196,10319337
4953,Czech Republic,CZE,1996,7.7,1082.1967,10310016
4954,Czech Republic,CZE,1997,7,1077.8613,10295984
4955,Czech Republic,CZE,1998,6.3,1072.1795,10278707
4956,Czech Republic,CZE,1999,5.8,1123.4993,10260335
4957,Czech Republic,CZE,2000,5.5,1159.6971,10242890
4958,Czech Republic,CZE,2001,5.2,1234.4662,10225701
4959,Czech Republic,CZE,2002,5,1324.2376,10209500
4960,Czech Republic,CZE,2003,4.8,1452.0197,10199327
4961,Czech Republic,CZE,2004,4.6,1481.5625,10201665
4962,Czech Republic,CZE,2005,4.4,1574.6261,10220638
4963,Czech Republic,CZE,2006,4.1,1628.7237,10258796
4964,Czech Republic,CZE,2007,3.9,1660.1874,10313525
4965,Czech Republic,CZE,2008,3.7,1787.753,10377359
4966,Czech Republic,CZE,2009,3.5,1939.7369,10439735
4967,Czech Republic,CZE,2010,3.4,1879.5815,10492960
4968,Czech Republic,CZE,2011,3.3,1927.1554,10534293
4969,Czech Republic,CZE,2012,3.2,1924.5446,10565678
4970,Czech Republic,CZE,2013,3.1,2102.5929,10589806
5198,Denmark,DNK,1971,15.8,1752.6046,4959083
5199,Denmark,DNK,1972,14.9,1832.706,4987806
5200,Denmark,DNK,1973,13.9,1840.6337,5014503
5201,Denmark,DNK,1974,13.1,1983.8015,5038752
5202,Denmark,DNK,1975,12.3,2007.4161,5060227
5203,Denmark,DNK,1976,11.6,2097.479,5079015
5204,Denmark,DNK,1977,11.1,2082.9591,5095133
5205,Denmark,DNK,1978,10.6,2152.0583,5108145
5206,Denmark,DNK,1979,10.3,2256.2179,5117514
5207,Denmark,DNK,1980,10,2233.5431,5123026
5208,Denmark,DNK,1981,9.7,2266.1629,5124545
5209,Denmark,DNK,1982,9.6,2365.8534,5122696
5210,Denmark,DNK,1983,9.6,2370.3896,5118998
5211,Denmark,DNK,1984,9.6,2338.5427,5115476
5212,Denmark,DNK,1985,9.7,2423.9343,5113701
5213,Denmark,DNK,1986,9.7,2462.757,5114172
5214,Denmark,DNK,1987,9.7,2566.9934,5116854
5215,Denmark,DNK,1988,9.6,2609.3351,5122098
5216,Denmark,DNK,1989,9.3,2583.172,5130127
5217,Denmark,DNK,1990,8.9,2603.6992,5141034
5218,Denmark,DNK,1991,8.4,2600.6729,5155038
5219,Denmark,DNK,1992,7.9,2647.4906,5172040
5220,Denmark,DNK,1993,7.4,2747.1456,5191370
5221,Denmark,DNK,1994,6.9,2811.1094,5212071
5222,Denmark,DNK,1995,6.5,2772.5318,5233364
5223,Denmark,DNK,1996,6.2,2861.9021,5255213
5224,Denmark,DNK,1997,6,2909.2982,5277572
5225,Denmark,DNK,1998,5.8,2887.3885,5299649
5226,Denmark,DNK,1999,5.6,3272.6025,5320488
5227,Denmark,DNK,2000,5.5,3287.6537,5339501
5228,Denmark,DNK,2001,5.4,3443.0322,5356055
5229,Denmark,DNK,2002,5.3,3551.795,5370507
5230,Denmark,DNK,2003,5.2,3638.1442,5384487
5231,Denmark,DNK,2004,5,3769.889,5400280
5232,Denmark,DNK,2005,4.8,3883.3181,5419444
5233,Denmark,DNK,2006,4.6,4052.4257,5442644
5234,Denmark,DNK,2007,4.5,4137.2414,5469130
5235,Denmark,DNK,2008,4.3,4175.102,5497312
5236,Denmark,DNK,2009,4.2,4434.2513,5524874
5237,Denmark,DNK,2010,4.1,4370.3331,5550142
5238,Denmark,DNK,2011,4.1,4310.9932,5572594
5239,Denmark,DNK,2012,4.1,4309.4836,5592738
5240,Denmark,DNK,2013,4.1,4295.5987,5611187
6110,Estonia,EST,1999,12,754.2285,1379962
6111,Estonia,EST,2000,11,751.4352,1370749
6112,Estonia,EST,2001,10.1,745.465,1362823
6113,Estonia,EST,2002,9.3,786.621,1356644
6114,Estonia,EST,2003,8.5,877.7061,1351955
6115,Estonia,EST,2004,7.8,978.3881,1348449
6116,Estonia,EST,2005,7.1,1047.3086,1345857
6117,Estonia,EST,2006,6.5,1152.9042,1344038
6118,Estonia,EST,2007,5.9,1275.8281,1342873
6119,Estonia,EST,2008,5.4,1373.0364,1342145
6120,Estonia,EST,2009,5,1342.592,1341629
6121,Estonia,EST,2010,4.5,1334.1851,1341140
6122,Estonia,EST,2011,4.2,1324.0841,1340537
6123,Estonia,EST,2012,3.9,1394.4443,1339762
6124,Estonia,EST,2013,3.6,1464.5597,1338832
6637,Finland,FIN,1970,16.1,759.8204,4605998
6638,Finland,FIN,1971,15.4,823.5278,4622759
6639,Finland,FIN,1972,14.6,897.8236,4644371
6640,Finland,FIN,1973,13.8,928.4083,4668510
6641,Finland,FIN,1974,13,942.0766,4691674
6642,Finland,FIN,1975,12.2,1043.8095,4711432
6643,Finland,FIN,1976,11.4,1106.7728,4726845
6644,Finland,FIN,1977,10.6,1143.9357,4739016
6645,Finland,FIN,1978,9.9,1162.5551,4750001
6646,Finland,FIN,1979,9.2,1212.4493,4762803
6647,Finland,FIN,1980,8.7,1258.2683,4779488
6648,Finland,FIN,1981,8.2,1295.7892,4800928
6649,Finland,FIN,1982,7.9,1348.9003,4826163
6650,Finland,FIN,1983,7.6,1402.4839,4853221
6651,Finland,FIN,1984,7.5,1450.1209,4879235
6652,Finland,FIN,1985,7.3,1588.8682,4902206
6653,Finland,FIN,1986,7.3,1651.2439,4921232
6654,Finland,FIN,1987,7.2,1740.4537,4937130
6655,Finland,FIN,1988,7.1,1774.809,4951685
6656,Finland,FIN,1989,6.9,1869.3929,4967527
6657,Finland,FIN,1990,6.7,2015.0186,4986441
6658,Finland,FIN,1991,6.4,2162.646,5009160
6659,Finland,FIN,1992,6.1,2128.9968,5034766
6660,Finland,FIN,1993,5.8,1934.0765,5061394
6661,Finland,FIN,1994,5.5,1862.0776,5086368
6662,Finland,FIN,1995,5.2,1951.7806,5107802
6663,Finland,FIN,1996,4.9,2050.0056,5125177
6664,Finland,FIN,1997,4.7,2071.8464,5139257
6665,Finland,FIN,1998,4.6,2084.1422,5151024
6666,Finland,FIN,1999,4.4,2163.5734,5161995
6667,Finland,FIN,2000,4.3,2302.7754,5173370
6668,Finland,FIN,2001,4.2,2407.5286,5185180
6669,Finland,FIN,2002,4.1,2573.9942,5197305
6670,Finland,FIN,2003,4,2729.7925,5210595
6671,Finland,FIN,2004,3.9,2873.619,5226067
6672,Finland,FIN,2005,3.7,3016.7141,5244342
6673,Finland,FIN,2006,3.6,3129.107,5265936
6674,Finland,FIN,2007,3.5,3203.6907,5290431
6675,Finland,FIN,2008,3.3,3316.5843,5316334
6676,Finland,FIN,2009,3.2,3322.6085,5341546
6677,Finland,FIN,2010,3,3403.1108,5364546
6678,Finland,FIN,2011,2.9,3505.0245,5384770
6679,Finland,FIN,2012,2.8,3568.2158,5402627
6680,Finland,FIN,2013,2.6,3602.6862,5418763
6865,France,FRA,1970,18.2,923.0338,50763212
6870,France,FRA,1975,14.9,1267.5022,52691826
6875,France,FRA,1980,12.4,1604.7333,53880143
6880,France,FRA,1985,10.4,1923.1369,55281465
6885,France,FRA,1990,9,2300.8976,56708260
6886,France,FRA,1991,8.6,2377.8353,56956057
6887,France,FRA,1992,8.1,2469.4117,57189616
6888,France,FRA,1993,7.5,2561.9933,57412239
6889,France,FRA,1994,7,2607.9071,57628904
6890,France,FRA,1995,6.5,2965.8229,57844501
6891,France,FRA,1996,6.1,2997.7557,58057570
6892,France,FRA,1997,5.8,3018.3427,58270419
6893,France,FRA,1998,5.6,3082.7392,58496138
6894,France,FRA,1999,5.5,3171.996,58751572
6895,France,FRA,2000,5.4,3248.9504,59047795
6896,France,FRA,2001,5.2,3331.4384,59390720
6897,France,FRA,2002,5.1,3454.0558,59774531
6898,France,FRA,2003,4.9,3478.5787,60183884
6899,France,FRA,2004,4.7,3578.9042,60596691
6900,France,FRA,2005,4.6,3629.209,60996506
6901,France,FRA,2006,4.5,3644.7304,61378065
6902,France,FRA,2007,4.4,3680.6859,61744596
6903,France,FRA,2008,4.3,3713.7856,62098413
6904,France,FRA,2009,4.3,3836.7055,62444770
6905,France,FRA,2010,4.2,3859.5252,62787427
6906,France,FRA,2011,4.2,3917.4283,63125894
6907,France,FRA,2012,4.1,3942.3884,63457777
6908,France,FRA,2013,4.1,3989.2368,63782963
7414,Germany,DEU,1970,25.6,1219.428,78169287
7415,Germany,DEU,1971,24.9,1358.2333,78398250
7416,Germany,DEU,1972,24,1480.9197,78549958
7417,Germany,DEU,1973,23.1,1619.966,78635758
7418,Germany,DEU,1974,22,1757.4922,78672415
7419,Germany,DEU,1975,20.8,1906.5468,78673559
7420,Germany,DEU,1976,19.5,2015.1658,78648816
7421,Germany,DEU,1977,18.3,2070.2065,78600404
7422,Germany,DEU,1978,17.1,2154.6998,78526576
7423,Germany,DEU,1979,16,2201.3952,78422458
7424,Germany,DEU,1980,15,2282.4014,78288577
7425,Germany,DEU,1981,14.1,2374.1244,78124452
7426,Germany,DEU,1982,13.2,2319.1311,77944929
7427,Germany,DEU,1983,12.5,2361.1298,77784306
7428,Germany,DEU,1984,11.8,2472.1423,77686865
7429,Germany,DEU,1985,11.1,2579.6387,77684875
7430,Germany,DEU,1986,10.6,2603.9363,77783439
7431,Germany,DEU,1987,10,2668.4883,77974722
7432,Germany,DEU,1988,9.5,2812.9428,78260173
7433,Germany,DEU,1989,9,2689.5098,78637382
7434,Germany,DEU,1990,8.5,2774.6817,79098094
7436,Germany,DEU,1992,7.6,2909.8528,80282985
7437,Germany,DEU,1993,7.2,2853.0909,80926118
7438,Germany,DEU,1994,6.8,2989.637,81495194
7439,Germany,DEU,1995,6.5,3122.131,81929441
7440,Germany,DEU,1996,6.2,3241.8944,82200333
7441,Germany,DEU,1997,5.9,3257.2866,82326019
7442,Germany,DEU,1998,5.7,3327.2647,82350467
7443,Germany,DEU,1999,5.5,3414.5749,82341545
7444,Germany,DEU,2000,5.4,3536.3549,82349027
7445,Germany,DEU,2001,5.2,3603.768,82384256
7446,Germany,DEU,2002,5.1,3687.3766,82432026
7447,Germany,DEU,2003,5,3745.138,82484111
7448,Germany,DEU,2004,4.9,3704.9553,82524343
7449,Germany,DEU,2005,4.7,3787.1331,82540739
7450,Germany,DEU,2006,4.6,3875.1386,82536138
7451,Germany,DEU,2007,4.5,3950.1671,82516297
7452,Germany,DEU,2008,4.4,4079.0901,82475271
7453,Germany,DEU,2009,4.3,4232.5762,82405365
7454,Germany,DEU,2010,4.2,4358.6128,82302465
7455,Germany,DEU,2011,4.1,4396.4446,82162512
7456,Germany,DEU,2012,4,4516.9885,81990837
7457,Germany,DEU,2013,4,4589.3728,81804228
7770,Greece,GRC,1988,11.9,1120.1386,10045020
7771,Greece,GRC,1989,11.1,1268.3512,10094241
7772,Greece,GRC,1990,10.4,1266.7054,10160501
7773,Greece,GRC,1991,9.9,1259.177,10247132
7774,Greece,GRC,1992,9.5,1376.7298,10351229
7775,Greece,GRC,1993,9.1,1511.2064,10464295
7776,Greece,GRC,1994,8.8,1682.7263,10574134
7777,Greece,GRC,1995,8.5,1709.315,10671809
7778,Greece,GRC,1996,8.1,1729.3586,10754641
7779,Greece,GRC,1997,7.7,1756.0787,10824894
7780,Greece,GRC,1998,7.3,1786.9542,10884604
7781,Greece,GRC,1999,6.9,1879.4975,10937612
7782,Greece,GRC,2000,6.4,1815.1583,10986883
7783,Greece,GRC,2001,6,2073.6269,11032395
7784,Greece,GRC,2002,5.6,2213.1951,11073334
7785,Greece,GRC,2003,5.2,2325.7693,11111072
7786,Greece,GRC,2004,4.9,2358.3612,11147261
7787,Greece,GRC,2005,4.6,2682.9519,11183114
7788,Greece,GRC,2006,4.3,2816.2848,11219300
7789,Greece,GRC,2007,4.1,2931.8391,11255717
7790,Greece,GRC,2008,4,3138.9139,11291807
7791,Greece,GRC,2009,3.9,2995.5728,11326596
7792,Greece,GRC,2010,3.9,2855.3382,11359346
7793,Greece,GRC,2011,3.9,2496.7023,11390031
7794,Greece,GRC,2012,4,2199.1078,11418878
7795,Greece,GRC,2013,4.2,2096.1872,11445691
8963,Hungary,HUN,1991,16.6,931.3611,10360831
8964,Hungary,HUN,1992,15.7,972.5426,10352695
8965,Hungary,HUN,1993,14.5,977.2673,10348284
8966,Hungary,HUN,1994,13.4,1076.6561,10342427
8967,Hungary,HUN,1995,12.5,996.4554,10331403
8968,Hungary,HUN,1996,11.9,985.2159,10313993
8969,Hungary,HUN,1997,11.5,968.7231,10291342
8970,Hungary,HUN,1998,11.1,1069.7785,10264982
8971,Hungary,HUN,1999,10.7,1141.0826,10237422
8972,Hungary,HUN,2000,10.1,1174.2322,10210545
8973,Hungary,HUN,2001,9.5,1231.7817,10184663
8974,Hungary,HUN,2002,8.9,1345.8965,10159273
8975,Hungary,HUN,2003,8.4,1601.6351,10134513
8976,Hungary,HUN,2004,7.9,1611.2098,10110393
8977,Hungary,HUN,2005,7.5,1736.3408,10086936
8978,Hungary,HUN,2006,7.2,1762.9564,10064274
8979,Hungary,HUN,2007,6.9,1641.345,10042572
8980,Hungary,HUN,2008,6.5,1631.2306,10021886
8981,Hungary,HUN,2009,6.2,1558.7315,10002247
8982,Hungary,HUN,2010,6,1632.9071,9983645
8983,Hungary,HUN,2011,5.9,1670.9272,9966116
8984,Hungary,HUN,2012,5.7,1633.207,9949589
8985,Hungary,HUN,2013,5.6,1623.611,9933795
9152,Iceland,ISL,1970,15.9,677.6726,204101
9153,Iceland,ISL,1971,15.3,830.6061,206821
9154,Iceland,ISL,1972,14.7,851.981,209722
9155,Iceland,ISL,1973,14.1,821.2949,212673
9156,Iceland,ISL,1974,13.6,977.879,215485
9157,Iceland,ISL,1975,12.9,1049.6175,218031
9158,Iceland,ISL,1976,12.3,1033.2232,220260
9159,Iceland,ISL,1977,11.6,1104.9693,222238
9160,Iceland,ISL,1978,11,1250.5295,224096
9161,Iceland,ISL,1979,10.3,1467.5863,226025
9162,Iceland,ISL,1980,9.7,1422.0142,228160
9163,Iceland,ISL,1981,9.2,1497.722,230543
9164,Iceland,ISL,1982,8.7,1581.5156,233131
9165,Iceland,ISL,1983,8.2,1674.4617,235861
9166,Iceland,ISL,1984,7.9,1626.2001,238641
9167,Iceland,ISL,1985,7.5,1725.9535,241398
9168,Iceland,ISL,1986,7.2,1943.1152,244124
9169,Iceland,ISL,1987,7,2136.8455,246837
9170,Iceland,ISL,1988,6.7,2267.1187,249526
9171,Iceland,ISL,1989,6.5,2195.0565,252179
9172,Iceland,ISL,1990,6.3,2104.4213,254793
9173,Iceland,ISL,1991,6.1,2124.8289,257359
9174,Iceland,ISL,1992,5.9,2081.2123,259881
9175,Iceland,ISL,1993,5.7,2110.8651,262386
9176,Iceland,ISL,1994,5.5,2120.1821,264909
9177,Iceland,ISL,1995,5.3,2145.0396,267478
9178,Iceland,ISL,1996,5,2245.4189,270119
9179,Iceland,ISL,1997,4.8,2308.4022,272836
9180,Iceland,ISL,1998,4.6,2672.0023,275608
9181,Iceland,ISL,1999,4.4,2880.4164,278403
9182,Iceland,ISL,2000,4.1,3018.2348,281210
9183,Iceland,ISL,2001,3.9,3046.8803,283992
9184,Iceland,ISL,2002,3.7,3280.2966,286783
9185,Iceland,ISL,2003,3.5,3504.7227,289724
9186,Iceland,ISL,2004,3.4,3563.2638,293004
9187,Iceland,ISL,2005,3.2,3571.3684,296743
9188,Iceland,ISL,2006,3.1,3531.784,301010
9189,Iceland,ISL,2007,3,3686.4844,305721
9190,Iceland,ISL,2008,2.9,3692.5888,310666
9191,Iceland,ISL,2009,2.8,3631.9733,315543
9192,Iceland,ISL,2010,2.7,3405.9865,320136
9193,Iceland,ISL,2011,2.6,3395.1218,324366
9194,Iceland,ISL,2012,2.5,3440.0963,328290
9195,Iceland,ISL,2013,2.4,3560.4208,331996
9777,Ireland,IRL,1970,22.2,530.1572,2963020
9778,Ireland,IRL,1971,21.8,642.5646,2997907
9779,Ireland,IRL,1972,21.4,681.9066,3039128
9780,Ireland,IRL,1973,21.1,718.8923,3085214
9781,Ireland,IRL,1974,20.6,796.9092,3134031
9782,Ireland,IRL,1975,20,839.4058,3183759
9783,Ireland,IRL,1976,19.1,818.3842,3233907
9784,Ireland,IRL,1977,18.1,832.657,3284081
9785,Ireland,IRL,1978,16.9,926.5445,3332644
9786,Ireland,IRL,1979,15.5,991.5204,3377699
9787,Ireland,IRL,1980,14.3,1114.6872,3417798
9788,Ireland,IRL,1981,13.2,1076.802,3452589
9789,Ireland,IRL,1982,12.4,1068.9027,3482073
9790,Ireland,IRL,1983,11.7,1062.5368,3505714
9791,Ireland,IRL,1984,11.1,1076.9617,3523059
9792,Ireland,IRL,1985,10.7,1111.1945,3534103
9793,Ireland,IRL,1986,10.4,1090.8688,3538519
9794,Ireland,IRL,1987,10.2,1091.6078,3537244
9795,Ireland,IRL,1988,9.9,1097.7704,3533181
9796,Ireland,IRL,1989,9.6,1094.6361,3530188
9797,Ireland,IRL,1990,9.2,1155.6888,3531219
9798,Ireland,IRL,1991,8.6,1265.4578,3537626
9799,Ireland,IRL,1992,8.1,1354.83,3549302
9800,Ireland,IRL,1993,7.7,1395.2998,3565952
9801,Ireland,IRL,1994,7.4,1446.3336,3586685
9802,Ireland,IRL,1995,7.3,1535.2678,3610958
9803,Ireland,IRL,1996,7.3,1617.2544,3638457
9804,Ireland,IRL,1997,7.3,1755.6332,3669860
9805,Ireland,IRL,1998,7.3,1824.7354,3706687
9806,Ireland,IRL,1999,7.3,1981.8331,3750945
9807,Ireland,IRL,2000,7.2,2277.413,3803780
9808,Ireland,IRL,2001,6.9,2571.5499,3865820
9809,Ireland,IRL,2002,6.5,2792.6566,3935781
9810,Ireland,IRL,2003,6,2991.0384,4010506
9811,Ireland,IRL,2004,5.6,3165.1088,4085676
9812,Ireland,IRL,2005,5.2,3490.7445,4158042
9813,Ireland,IRL,2006,4.8,3545.7522,4226428
9814,Ireland,IRL,2007,4.6,3776.9736,4291258
9815,Ireland,IRL,2008,4.4,4225.5888,4352866
9816,Ireland,IRL,2009,4.3,4560.1121,4412181
9817,Ireland,IRL,2010,4.2,4585.4044,4469900
9818,Ireland,IRL,2011,4.1,4370.0642,4525802
9819,Ireland,IRL,2012,4,4467.5385,4579498
9820,Ireland,IRL,2013,3.9,4676.9454,4631391
9975,Israel,ISR,1975,26.2,687.5623,3336984
9976,Israel,ISR,1976,23.7,773.9488,3428067
9977,Israel,ISR,1977,21.8,862.3993,3514143
9978,Israel,ISR,1978,20.2,978.0838,3595324
9979,Israel,ISR,1979,19,1099.545,3672295
9980,Israel,ISR,1980,18.1,1106.423,3745797
9981,Israel,ISR,1981,17.3,1109.3591,3816400
9982,Israel,ISR,1982,16.6,1121.3554,3884594
9983,Israel,ISR,1983,15.9,1213.6878,3951159
9984,Israel,ISR,1984,15.2,1463.6916,4017024
9985,Israel,ISR,1985,14.4,1114.3894,4083495
9986,Israel,ISR,1986,13.7,1064.7676,4149457
9987,Israel,ISR,1987,13.1,1140.0856,4216475
9988,Israel,ISR,1988,12.5,1198.6498,4291626
9989,Israel,ISR,1989,12.1,1272.1907,4384139
9990,Israel,ISR,1990,11.6,1244.5814,4499949
9991,Israel,ISR,1991,11.1,1203.9738,4642324
9992,Israel,ISR,1992,10.5,1305.82,4807603
9993,Israel,ISR,1993,9.8,1358.864,4986162
9994,Israel,ISR,1994,9.2,1524.3042,5164345
9995,Israel,ISR,1995,8.7,1540.9732,5332079
9996,Israel,ISR,1996,8.2,1613.0248,5486774
9997,Israel,ISR,1997,7.8,1668.5784,5630785
9998,Israel,ISR,1998,7.5,1683.9816,5765115
9999,Israel,ISR,1999,7.2,1628.6461,5892366
10000,Israel,ISR,2000,6.9,1731.985,6014953
10001,Israel,ISR,2001,6.6,1802.3905,6131313
10002,Israel,ISR,2002,6.4,1746.3998,6241593
10003,Israel,ISR,2003,6.1,1723.6955,6352106
10004,Israel,ISR,2004,5.8,1762.0028,6471236
10005,Israel,ISR,2005,5.6,1827.5507,6604572
10006,Israel,ISR,2006,5.3,1850.0258,6755143
10007,Israel,ISR,2007,5.1,1919.0778,6920182
10008,Israel,ISR,2008,4.9,1966.125,7092324
10009,Israel,ISR,2009,4.7,1966.5113,7260949
10010,Israel,ISR,2010,4.6,2025.5808,7418400
10011,Israel,ISR,2011,4.4,2085.0105,7562194
10012,Israel,ISR,2012,4.2,2138.5689,7694670
10013,Israel,ISR,2013,4.1,2259.7685,7818860
10188,Italy,ITA,1988,10.4,1892.0396,56824700
10189,Italy,ITA,1989,10,1950.7967,56824792
10190,Italy,ITA,1990,9.7,2094.9595,56832330
10191,Italy,ITA,1991,9.3,2196.8754,56856059
10192,Italy,ITA,1992,8.9,2173.484,56895154
10193,Italy,ITA,1993,8.4,2144.3894,56937520
10194,Italy,ITA,1994,8,2142.4645,56965197
10195,Italy,ITA,1995,7.5,2184.2945,56968039
10196,Italy,ITA,1996,7,2241.6398,56938342
10197,Italy,ITA,1997,6.6,2366.9263,56888300
10198,Italy,ITA,1998,6.2,2419.1297,56851522
10199,Italy,ITA,1999,5.9,2479.3573,56873677
10200,Italy,ITA,2000,5.6,2655.8168,56986329
10201,Italy,ITA,2001,5.3,2768.5363,57199219
10202,Italy,ITA,2002,5.1,2815.5814,57498867
10203,Italy,ITA,2003,4.8,2793.9552,57864332
10204,Italy,ITA,2004,4.6,2939.1599,58263782
10205,Italy,ITA,2005,4.5,3015.059,58671206
10206,Italy,ITA,2006,4.3,3102.4452,59082100
10207,Italy,ITA,2007,4.2,3022.4024,59495243
10208,Italy,ITA,2008,4.1,3116.1245,59891479
10209,Italy,ITA,2009,4.1,3073.9197,60248654
10210,Italy,ITA,2010,4,3108.2039,60550848
10211,Italy,ITA,2011,3.9,3079.2887,60788694
10212,Italy,ITA,2012,3.8,2986.9155,60964145
10213,Italy,ITA,2013,3.7,2886.7033,61087395
10492,Japan,JPN,1970,17.5,623.3711,103710287
10493,Japan,JPN,1971,16.5,660.3299,105145914
10494,Japan,JPN,1972,15.7,722.6373,106619818
10495,Japan,JPN,1973,14.9,749.5743,108089192
10496,Japan,JPN,1974,14.1,802.0178,109498615
10497,Japan,JPN,1975,13.3,903.0019,110808090
10498,Japan,JPN,1976,12.5,929.4517,111996339
10499,Japan,JPN,1977,11.8,985.1609,113071149
10500,Japan,JPN,1978,11.1,1062.5623,114057650
10501,Japan,JPN,1979,10.5,1135.0667,114996088
10502,Japan,JPN,1980,9.9,1235.055,115914688
10503,Japan,JPN,1981,9.3,1291.5449,116823958
10504,Japan,JPN,1982,8.8,1358.6788,117711145
10505,Japan,JPN,1983,8.3,1412.5784,118554190
10506,Japan,JPN,1984,7.9,1422.3298,119320901
10507,Japan,JPN,1985,7.5,1517.8435,119990547
10508,Japan,JPN,1986,7.1,1541.7301,120553260
10509,Japan,JPN,1987,6.8,1599.8228,121023579
10510,Japan,JPN,1988,6.6,1630.6228,121434677
10511,Japan,JPN,1989,6.5,1643.1504,121832924
10512,Japan,JPN,1990,6.3,1682.9817,122251184
10513,Japan,JPN,1991,6.2,1744.4086,122703017
10514,Japan,JPN,1992,6.1,1830.072,123177552
10515,Japan,JPN,1993,6,1910.1008,123653405
10516,Japan,JPN,1994,5.9,2003.6661,124097649
10517,Japan,JPN,1995,5.7,1963.2829,124486744
10518,Japan,JPN,1996,5.5,1969.6699,124814986
10519,Japan,JPN,1997,5.2,2073.7872,125091571
10520,Japan,JPN,1998,5,2114.316,125325617
10521,Japan,JPN,1999,4.7,2219.6448,125531619
10522,Japan,JPN,2000,4.5,2330.8806,125720310
10523,Japan,JPN,2001,4.3,2403.8792,125893623
10524,Japan,JPN,2002,4.1,2443.5713,126048366
10525,Japan,JPN,2003,4,2525.473,126184149
10526,Japan,JPN,2004,3.9,2602.057,126299414
10527,Japan,JPN,2005,3.7,2692.0869,126392944
10528,Japan,JPN,2006,3.6,2743.601,126464789
10529,Japan,JPN,2007,3.5,2821.3057,126515486
10530,Japan,JPN,2008,3.4,2906.937,126544640
10531,Japan,JPN,2009,3.3,3035.3095,126551705
10532,Japan,JPN,2010,3.2,3204.9489,126535920
10533,Japan,JPN,2011,3.4,3725.9524,126497241
10534,Japan,JPN,2012,3,3858.7176,126434653
10535,Japan,JPN,2013,2.9,3951.9544,126345235
11304,Latvia,LVA,1995,19.7,418.2962,2492095
11305,Latvia,LVA,1996,19.1,473.0512,2462617
11306,Latvia,LVA,1997,18,536.5739,2438994
11307,Latvia,LVA,1998,16.7,570.6879,2419819
11308,Latvia,LVA,1999,15.4,622.1972,2402452
11309,Latvia,LVA,2000,14.3,626.0707,2384972
11310,Latvia,LVA,2001,13.4,696.9402,2367302
11311,Latvia,LVA,2002,12.6,756.3974,2350340
11312,Latvia,LVA,2003,11.9,795.6183,2334225
11313,Latvia,LVA,2004,11.1,929.6818,2319229
11314,Latvia,LVA,2005,10.5,978.9398,2305528
11315,Latvia,LVA,2006,9.9,1082.8852,2293080
11316,Latvia,LVA,2007,9.3,1207.1463,2281693
11317,Latvia,LVA,2008,8.8,1146.5548,2271198
11318,Latvia,LVA,2009,8.3,1091.5743,2261380
11319,Latvia,LVA,2010,7.8,1071.4247,2252060
11320,Latvia,LVA,2011,7.3,1052.3074,2243142
11321,Latvia,LVA,2012,6.7,1078.4919,2234572
11322,Latvia,LVA,2013,6.1,1116.1671,2226260
11905,Luxembourg,LUX,1995,6.4,3316.7824,407522
11906,Luxembourg,LUX,1996,6,3373.0684,413377
11907,Luxembourg,LUX,1997,5.6,3489.2365,419355
11908,Luxembourg,LUX,1998,5.3,3712.8361,425216
11909,Luxembourg,LUX,1999,5,4052.5576,430650
11910,Luxembourg,LUX,2000,4.8,4607.0129,435491
11911,Luxembourg,LUX,2001,4.5,5120.9327,439509
11912,Luxembourg,LUX,2002,4.2,5534.7542,442882
11913,Luxembourg,LUX,2003,4,5733.3215,446340
11914,Luxembourg,LUX,2004,3.8,6206.8898,450888
11915,Luxembourg,LUX,2005,3.6,6192.6627,457197
11916,Luxembourg,LUX,2006,3.4,6020.6356,465586
11917,Luxembourg,LUX,2007,3.3,5982.6009,475714
11918,Luxembourg,LUX,2008,3.1,6130.7386,486781
11919,Luxembourg,LUX,2009,3,6451.6554,497637
11920,Luxembourg,LUX,2010,3,6401.8972,507448
11921,Luxembourg,LUX,2011,2.9,5628.0203,515941
11922,Luxembourg,LUX,2012,2.8,5811.1547,523362
11923,Luxembourg,LUX,2013,2.8,5787.4369,530018
13031,Mexico,MEX,1990,45.4,505.5678,84306602
13032,Mexico,MEX,1991,43.3,557.5118,85923799
13033,Mexico,MEX,1992,41.1,609.8756,87523328
13034,Mexico,MEX,1993,39.1,634.2963,89109703
13035,Mexico,MEX,1994,37.2,652.7527,90691331
13036,Mexico,MEX,1995,35.3,587.714,92272749
13037,Mexico,MEX,1996,33.5,553.3215,93858373
13038,Mexico,MEX,1997,31.8,598.4016,95441345
13039,Mexico,MEX,1998,30,631.4867,97001933
13040,Mexico,MEX,1999,28.3,662.6147,98513690
13041,Mexico,MEX,2000,26.8,689.5147,99959594
13042,Mexico,MEX,2001,25.3,736.5952,101329543
13043,Mexico,MEX,2002,23.9,754.4262,102634153
13044,Mexico,MEX,2003,22.7,830.7156,103902569
13045,Mexico,MEX,2004,21.6,870.4653,105175967
13046,Mexico,MEX,2005,20.6,868.577,106483757
13047,Mexico,MEX,2006,19.8,869.6953,107835259
13048,Mexico,MEX,2007,19,902.7412,109220753
13049,Mexico,MEX,2008,18.4,891.0721,110627158
13050,Mexico,MEX,2009,17.8,900.0231,112033369
13051,Mexico,MEX,2010,17.3,911.3509,113423047
13052,Mexico,MEX,2011,16.8,895.0437,114793341
13053,Mexico,MEX,2012,16.4,947.8146,116146768
13054,Mexico,MEX,2013,15.9,965.7668,117478371
14194,Netherlands,NLD,1972,14.4,1263.8102,13231426
14195,Netherlands,NLD,1973,13.8,1335.5067,13360546
14196,Netherlands,NLD,1974,13.3,1429.309,13483746
14197,Netherlands,NLD,1975,12.8,1500.9013,13600423
14198,Netherlands,NLD,1976,12.4,1544.7651,13710713
14199,Netherlands,NLD,1977,12,1587.6873,13814863
14200,Netherlands,NLD,1978,11.6,1644.9819,13912617
14201,Netherlands,NLD,1979,11.2,1708.9465,14003707
14202,Netherlands,NLD,1980,10.9,1765.0192,14088274
14203,Netherlands,NLD,1981,10.6,1763.385,14166213
14204,Netherlands,NLD,1982,10.4,1792.5578,14238594
14205,Netherlands,NLD,1983,10.2,1822.6207,14308217
14206,Netherlands,NLD,1984,10,1796.0595,14378740
14207,Netherlands,NLD,1985,9.8,1830.735,14452941
14208,Netherlands,NLD,1986,9.5,1896.0149,14531566
14209,Netherlands,NLD,1987,9.3,1951.6413,14614382
14210,Netherlands,NLD,1988,9,1984.4914,14701901
14211,Netherlands,NLD,1989,8.7,2111.5755,14794378
14212,Netherlands,NLD,1990,8.4,2235.2966,14891719
14213,Netherlands,NLD,1991,8.1,2329.3287,14994691
14214,Netherlands,NLD,1992,7.7,2419.1975,15102709
14215,Netherlands,NLD,1993,7.4,2465.4183,15212612
14216,Netherlands,NLD,1994,7.1,2483.7328,15320112
14217,Netherlands,NLD,1995,6.9,2517.7319,15422165
14218,Netherlands,NLD,1996,6.7,2569.5265,15517122
14219,Netherlands,NLD,1997,6.6,2598.2123,15605817
14220,Netherlands,NLD,1998,6.4,2726.8316,15690705
14221,Netherlands,NLD,1999,6.3,2845.7887,15775532
14222,Netherlands,NLD,2000,6.2,2895.4987,15862825
14223,Netherlands,NLD,2001,6.1,3094.8154,15953446
14224,Netherlands,NLD,2002,5.9,3290.5559,16045935
14225,Netherlands,NLD,2003,5.7,3492.0137,16137709
14226,Netherlands,NLD,2004,5.5,3577.4411,16225091
14227,Netherlands,NLD,2005,5.3,4026.956,16305457
14228,Netherlands,NLD,2006,5.1,4114.4114,16377959
14229,Netherlands,NLD,2007,4.9,4261.8189,16443483
14230,Netherlands,NLD,2008,4.7,4418.9235,16503263
14231,Netherlands,NLD,2009,4.6,4549.9608,16559268
14232,Netherlands,NLD,2010,4.4,4671.0098,16612988
14233,Netherlands,NLD,2011,4.3,4749.1091,16664746
14234,Netherlands,NLD,2012,4.2,4850.2599,16714228
14235,Netherlands,NLD,2013,4.1,4851.3257,16761552
14413,New Zealand,NZL,1970,20.8,964.0011,2819597
14414,New Zealand,NZL,1971,20.3,971.3469,2871885
14415,New Zealand,NZL,1972,19.8,1010.1016,2930577
14416,New Zealand,NZL,1973,19.4,1109.8231,2990130
14417,New Zealand,NZL,1974,18.9,1285.533,3042757
14418,New Zealand,NZL,1975,18.3,1353.0442,3083108
14419,New Zealand,NZL,1976,17.7,1251.9901,3109010
14420,New Zealand,NZL,1977,17.1,1253.1327,3122855
14421,New Zealand,NZL,1978,16.6,1342.602,3129440
14422,New Zealand,NZL,1979,16.1,1273.7866,3135831
14423,New Zealand,NZL,1980,15.6,1176.5672,3147183
14424,New Zealand,NZL,1981,15.2,1208.6914,3165407
14425,New Zealand,NZL,1982,14.8,1240.6746,3189133
14426,New Zealand,NZL,1983,14.5,1236.9665,3216318
14427,New Zealand,NZL,1984,14.1,1219.59,3243586
14428,New Zealand,NZL,1985,13.8,1132.5728,3268709
14429,New Zealand,NZL,1986,13.4,1183.0917,3290651
14430,New Zealand,NZL,1987,12.9,1246.6725,3310922
14431,New Zealand,NZL,1988,12.4,1392.8127,3332798
14432,New Zealand,NZL,1989,11.8,1427.2557,3360829
14433,New Zealand,NZL,1990,11.2,1511.9218,3397983
14434,New Zealand,NZL,1991,10.6,1535.9415,3446005
14435,New Zealand,NZL,1992,10,1566.8143,3503125
14436,New Zealand,NZL,1993,9.5,1581.1303,3564531
14437,New Zealand,NZL,1994,9.1,1643.8037,3623421
14438,New Zealand,NZL,1995,8.7,1698.1658,3675060
14439,New Zealand,NZL,1996,8.4,1712.736,3717342
14440,New Zealand,NZL,1997,8.1,1793.7497,3752131
14441,New Zealand,NZL,1998,7.8,1901.6718,3783470
14442,New Zealand,NZL,1999,7.6,1958.3694,3817367
14443,New Zealand,NZL,2000,7.4,2009.2265,3858032
14444,New Zealand,NZL,2001,7.2,2103.912,3906830
14445,New Zealand,NZL,2002,7,2264.4581,3961978
14446,New Zealand,NZL,2003,6.9,2268.0002,4020769
14447,New Zealand,NZL,2004,6.7,2360.5568,4079130
14448,New Zealand,NZL,2005,6.6,2525.4906,4134117
14449,New Zealand,NZL,2006,6.5,2670.6987,4184903
14450,New Zealand,NZL,2007,6.4,2645.6815,4232461
14451,New Zealand,NZL,2008,6.4,2837.608,4277809
14452,New Zealand,NZL,2009,6.3,3028.8743,4322628
14453,New Zealand,NZL,2010,6.2,3020.3961,4368136
14454,New Zealand,NZL,2011,6.1,3047.9186,4414509
14455,New Zealand,NZL,2012,6,3150.6606,4461257
14456,New Zealand,NZL,2013,5.9,3084.7375,4508166
15126,Norway,NOR,1970,16.2,846.9044,3877383
15127,Norway,NOR,1971,15.6,948.4623,3906490
15128,Norway,NOR,1972,15,1068.0202,3934529
15129,Norway,NOR,1973,14.3,1147.8994,3961021
15130,Norway,NOR,1974,13.6,1184.7628,3985401
15131,Norway,NOR,1975,12.9,1312.8012,4007312
15132,Norway,NOR,1976,12.2,1397.1974,4026586
15133,Norway,NOR,1977,11.5,1499.7419,4043440
15134,Norway,NOR,1978,10.9,1699.6421,4058407
15135,Norway,NOR,1979,10.4,1651.6198,4072258
15136,Norway,NOR,1980,10.1,1737.859,4085621
15137,Norway,NOR,1981,9.9,1782.7722,4098699
15138,Norway,NOR,1982,9.9,1833.8316,4111566
15139,Norway,NOR,1983,10,1947.5575,4124588
15140,Norway,NOR,1984,10.1,1938.0624,4138150
15141,Norway,NOR,1985,10.2,2025.9757,4152560
15142,Norway,NOR,1986,10.2,2075.2096,4168003
15143,Norway,NOR,1987,10.1,2140.5139,4184566
15144,Norway,NOR,1988,9.8,2119.0708,4202325
15145,Norway,NOR,1989,9.3,2112.6695,4221299
15146,Norway,NOR,1990,8.7,2519.8144,4241485
15147,Norway,NOR,1991,7.9,2660.3272,4262932
15148,Norway,NOR,1992,7.2,2737.9341,4285620
15149,Norway,NOR,1993,6.6,2761.3593,4309369
15150,Norway,NOR,1994,6.1,2800.1692,4333931
15151,Norway,NOR,1995,5.7,2863.3941,4359096
15152,Norway,NOR,1996,5.4,3034.7886,4385139
15153,Norway,NOR,1997,5.2,3426.2475,4412092
15154,Norway,NOR,1998,5.1,3639.4707,4439248
15155,Norway,NOR,1999,5,3826.0384,4465664
15156,Norway,NOR,2000,4.9,4003.9711,4490859
15157,Norway,NOR,2001,4.7,4139.3039,4513953
15158,Norway,NOR,2002,4.5,4504.0563,4535599
15159,Norway,NOR,2003,4.4,4633.588,4558660
15160,Norway,NOR,2004,4.2,4734.1539,4587046
15161,Norway,NOR,2005,4,4822.7491,4623298
15162,Norway,NOR,2006,3.9,4846.3557,4668802
15163,Norway,NOR,2007,3.7,4965.1445,4722016
15164,Norway,NOR,2008,3.5,5149.5973,4778959
15165,Norway,NOR,2009,3.4,5254.0755,4834002
15166,Norway,NOR,2010,3.2,5240.4165,4883111
15167,Norway,NOR,2011,3.1,5387.9816,4924848
15168,Norway,NOR,2012,3,5499.0862,4960482
15169,Norway,NOR,2013,2.9,5557.2025,4991997
16182,Poland,POL,1990,17.3,427.8173,38056174
16183,Poland,POL,1991,16.9,438.6615,38160714
16184,Poland,POL,1992,16.5,469.5296,38247716
16185,Poland,POL,1993,16,495.4858,38316289
16186,Poland,POL,1994,15.3,508.6694,38364540
16187,Poland,POL,1995,14.4,534.474,38391778
16188,Poland,POL,1996,13.3,603.1162,38398942
16189,Poland,POL,1997,12,625.1421,38389116
16190,Poland,POL,1998,10.8,643.9559,38366420
16191,Poland,POL,1999,9.9,732.2129,38336047
16192,Poland,POL,2000,9.3,749.8991,38302444
16193,Poland,POL,2001,8.8,814.007,38266810
16194,Poland,POL,2002,8.4,889.627,38230497
16195,Poland,POL,2003,8.1,904.2159,38198151
16196,Poland,POL,2004,7.8,942.0814,38175134
16197,Poland,POL,2005,7.6,965.1666,38165040
16198,Poland,POL,2006,7.3,1023.0938,38170330
16199,Poland,POL,2007,7,1107.0177,38189762
16200,Poland,POL,2008,6.7,1255.96,38218462
16201,Poland,POL,2009,6.3,1332.3118,38249228
16202,Poland,POL,2010,6,1340.7184,38276660
16203,Poland,POL,2011,5.6,1366.5163,38298949
16204,Poland,POL,2012,5.4,1380.6929,38317090
16205,Poland,POL,2013,5.2,1455.2589,38331803
16362,Portugal,PRT,1970,68.6,237.0312,8684237
16363,Portugal,PRT,1971,63.3,271.9299,8732165
16364,Portugal,PRT,1972,57.7,362.9296,8820645
16365,Portugal,PRT,1973,52.6,436.2657,8939024
16366,Portugal,PRT,1974,47.9,465.4141,9070905
16367,Portugal,PRT,1975,43.5,586.6569,9203339
16368,Portugal,PRT,1976,39.4,589.9406,9333952
16369,Portugal,PRT,1977,35.6,550.1092,9463583
16370,Portugal,PRT,1978,32.4,577.0041,9586166
16371,Portugal,PRT,1979,29.7,586.0709,9695175
16372,Portugal,PRT,1980,27.6,709.0758,9785924
16373,Portugal,PRT,1981,25.8,749.3987,9855958
16374,Portugal,PRT,1982,24.2,769.8922,9905701
16375,Portugal,PRT,1983,22.9,725.81,9937389
16376,Portugal,PRT,1984,21.6,727.9294,9955005
16377,Portugal,PRT,1985,20.4,809.3355,9962255
16378,Portugal,PRT,1986,19.3,930.6231,9958747
16379,Portugal,PRT,1987,18.2,962.9728,9945601
16380,Portugal,PRT,1988,17,1079.2977,9930001
16381,Portugal,PRT,1989,15.9,1060.3577,9921120
16382,Portugal,PRT,1990,14.7,1100.2537,9925477
16383,Portugal,PRT,1991,13.6,1260.1745,9946333
16384,Portugal,PRT,1992,12.5,1305.9827,9982069
16385,Portugal,PRT,1993,11.4,1332.6912,10028171
16386,Portugal,PRT,1994,10.5,1336.6224,10077548
16387,Portugal,PRT,1995,9.7,1555.9956,10124943
16388,Portugal,PRT,1996,9.1,1660.6355,10169044
16389,Portugal,PRT,1997,8.6,1717.3753,10211281
16390,Portugal,PRT,1998,8.2,1782.9635,10252334
16391,Portugal,PRT,1999,7.7,1901.5175,10293668
16392,Portugal,PRT,2000,7.2,2153.7887,10336209
16393,Portugal,PRT,2001,6.7,2187.8126,10379756
16394,Portugal,PRT,2002,6.1,2232.7837,10423256
16395,Portugal,PRT,2003,5.6,2292.0779,10465808
16396,Portugal,PRT,2004,5.1,2431.0609,10506253
16397,Portugal,PRT,2005,4.7,2481.444,10543663
16398,Portugal,PRT,2006,4.4,2436.1823,10577630
16399,Portugal,PRT,2007,4.2,2472.8037,10608036
16400,Portugal,PRT,2008,4.1,2552.405,10634612
16401,Portugal,PRT,2009,4,2613.2917,10657175
16402,Portugal,PRT,2010,3.9,2645.6631,10675572
16403,Portugal,PRT,2011,3.8,2524.7798,10689663
16404,Portugal,PRT,2012,3.7,2386.2305,10699333
16405,Portugal,PRT,2013,3.7,2306.5946,10704534
18123,Slovenia,SVN,1995,7.5,1302.0993,1966205
18124,Slovenia,SVN,1996,7,1382.4006,1971488
18125,Slovenia,SVN,1997,6.6,1476.5463,1975755
18126,Slovenia,SVN,1998,6.2,1537.2319,1979261
18127,Slovenia,SVN,1999,5.9,1615.3151,1982378
18128,Slovenia,SVN,2000,5.5,1775.6261,1985406
18129,Slovenia,SVN,2001,5.3,1891.9529,1988385
18130,Slovenia,SVN,2002,5,1864.5666,1991319
18131,Slovenia,SVN,2003,4.7,1936.9238,1994426
18132,Slovenia,SVN,2004,4.5,1981.1986,1997959
18133,Slovenia,SVN,2005,4.3,2066.8623,2002084
18134,Slovenia,SVN,2006,4,2132.2841,2006903
18135,Slovenia,SVN,2007,3.8,2178.1724,2012345
18136,Slovenia,SVN,2008,3.6,2352.881,2018172
18137,Slovenia,SVN,2009,3.4,2345.0101,2024040
18138,Slovenia,SVN,2010,3.2,2363.6692,2029680
18139,Slovenia,SVN,2011,3,2368.1191,2035012
18140,Slovenia,SVN,2012,2.9,2350.1776,2040057
18141,Slovenia,SVN,2013,2.7,2329.7555,2044766
18782,Spain,ESP,1970,24.2,448.6712,33791761
18783,Spain,ESP,1971,22.1,529.0742,34165661
18784,Spain,ESP,1972,20.5,598.3453,34553119
18785,Spain,ESP,1973,19.5,625.202,34949102
18786,Spain,ESP,1974,19.2,712.0427,35346395
18787,Spain,ESP,1975,19.4,737.2338,35738587
18788,Spain,ESP,1976,19.6,838.3206,36124485
18789,Spain,ESP,1977,19,897.2817,36501995
18790,Spain,ESP,1978,17.7,904.8541,36862658
18791,Spain,ESP,1979,16.3,887.8727,37196233
18792,Spain,ESP,1980,14.9,913.767,37495321
18793,Spain,ESP,1981,13.7,930.2032,37757496
18794,Spain,ESP,1982,12.9,953.6557,37984198
18795,Spain,ESP,1983,12.2,994.0806,38177151
18796,Spain,ESP,1984,11.7,972.3343,38339878
18797,Spain,ESP,1985,11.2,969.0119,38476148
18798,Spain,ESP,1986,10.7,989.7395,38586351
18799,Spain,ESP,1987,10.3,1056.5485,38673057
18800,Spain,ESP,1988,9.9,1232.2096,38745231
18801,Spain,ESP,1989,9.5,1317.4873,38814280
18802,Spain,ESP,1990,9.2,1444.19,38889158
18803,Spain,ESP,1991,8.8,1522.8289,38979222
18804,Spain,ESP,1992,8.4,1623.3291,39086335
18805,Spain,ESP,1993,7.9,1674.5823,39203352
18806,Spain,ESP,1994,7.4,1691.7669,39318577
18807,Spain,ESP,1995,6.9,1773.4063,39426834
18808,Spain,ESP,1996,6.4,1822.1491,39519508
18809,Spain,ESP,1997,6.1,1853.2472,39608652
18810,Spain,ESP,1998,5.8,1916.3749,39734033
18811,Spain,ESP,1999,5.6,1993.7851,39948910
18812,Spain,ESP,2000,5.4,2049.5785,40288457
18813,Spain,ESP,2001,5.3,2095.6373,40767010
18814,Spain,ESP,2002,5.2,2127.0201,41364726
18815,Spain,ESP,2003,5,2385.9139,42039800
18816,Spain,ESP,2004,4.9,2447.9456,42732092
18817,Spain,ESP,2005,4.7,2515.3131,43395441
18818,Spain,ESP,2006,4.5,2602.8273,44017887
18819,Spain,ESP,2007,4.4,2679.2603,44604384
18820,Spain,ESP,2008,4.2,2820.1949,45146258
18821,Spain,ESP,2009,4,2919.5785,45638113
18822,Spain,ESP,2010,3.8,2917.9495,46076989
18823,Spain,ESP,2011,3.7,2902.7335,46454895
18824,Spain,ESP,2012,3.6,2824.2009,46771596
18825,Spain,ESP,2013,3.5,2755.9181,47042602
19468,Sweden,SWE,1970,13.4,1168.3438,8042839
19469,Sweden,SWE,1971,12.9,1264.5827,8084965
19470,Sweden,SWE,1972,12.3,1311.8471,8117863
19471,Sweden,SWE,1973,11.6,1355.4941,8144217
19472,Sweden,SWE,1974,11,1450.5871,8168135
19473,Sweden,SWE,1975,10.3,1549.189,8192569
19474,Sweden,SWE,1976,9.8,1627.8297,8218933
19475,Sweden,SWE,1977,9.4,1773.2115,8246302
19476,Sweden,SWE,1978,9,1810.4277,8272581
19477,Sweden,SWE,1979,8.7,1848.868,8294604
19478,Sweden,SWE,1980,8.4,1953.5603,8310467
19479,Sweden,SWE,1981,8.2,1986.0949,8319266
19480,Sweden,SWE,1982,8,2031.7116,8322909
19481,Sweden,SWE,1983,7.8,2046.4383,8325682
19482,Sweden,SWE,1984,7.7,2079.5479,8333446
19483,Sweden,SWE,1985,7.6,2013.3008,8350392
19484,Sweden,SWE,1986,7.5,1997.8438,8377422
19485,Sweden,SWE,1987,7.4,2080.6575,8413155
19486,Sweden,SWE,1988,7.3,2099.4967,8456561
19487,Sweden,SWE,1989,7.2,2158.6983,8505752
19488,Sweden,SWE,1990,7,2182.6409,8558829
19489,Sweden,SWE,1991,6.6,2139.2097,8616729
19490,Sweden,SWE,1992,6.2,2184.6582,8678657
19491,Sweden,SWE,1993,5.7,2195.9112,8738894
19492,Sweden,SWE,1994,5.2,2154.1985,8789976
19493,Sweden,SWE,1995,4.8,2203.4506,8826949
19494,Sweden,SWE,1996,4.5,2295.8033,8847421
19495,Sweden,SWE,1997,4.3,2304.9606,8853934
19496,Sweden,SWE,1998,4.2,2428.7845,8852650
19497,Sweden,SWE,1999,4.1,2541.0711,8852487
19498,Sweden,SWE,2000,4.1,2656.362,8860153
19499,Sweden,SWE,2001,4.1,2916.3359,8877022
19500,Sweden,SWE,2002,4,3088.2543,8901831
19501,Sweden,SWE,2003,3.9,3188.528,8935392
19502,Sweden,SWE,2004,3.7,3233.9575,8977965
19503,Sweden,SWE,2005,3.6,3318.2521,9029345
19504,Sweden,SWE,2006,3.4,3405.7841,9090707
19505,Sweden,SWE,2007,3.3,3458.3971,9161374
19506,Sweden,SWE,2008,3.2,3513.5332,9236872
19507,Sweden,SWE,2009,3.1,3553.986,9311110
19508,Sweden,SWE,2010,3,3543.5822,9379687
19509,Sweden,SWE,2011,3,4543.4803,9440747
19510,Sweden,SWE,2012,3,4606.2456,9495392
19511,Sweden,SWE,2013,2.9,4693.0745,9545823
19668,Switzerland,CHE,1970,18.4,1672.2598,6169124
19669,Switzerland,CHE,1971,17.6,1808.617,6221393
19670,Switzerland,CHE,1972,16.7,1840.0689,6269871
19671,Switzerland,CHE,1973,15.8,1909.8974,6311231
19672,Switzerland,CHE,1974,14.8,2058.5251,6340818
19673,Switzerland,CHE,1975,13.8,2175.9491,6355947
19674,Switzerland,CHE,1976,12.9,2233.4705,6355012
19675,Switzerland,CHE,1977,12.1,2293.6911,6340979
19676,Switzerland,CHE,1978,11.4,2306.4702,6321339
19677,Switzerland,CHE,1979,10.8,2392.3016,6306326
19678,Switzerland,CHE,1980,10.4,2505.0154,6303346
19679,Switzerland,CHE,1981,10,2554.0175,6315530
19680,Switzerland,CHE,1982,9.7,2557.1418,6341096
19681,Switzerland,CHE,1983,9.4,2699.0504,6376512
19682,Switzerland,CHE,1984,9.2,2677.8657,6415987
19683,Switzerland,CHE,1985,9,2765.2105,6455375
19684,Switzerland,CHE,1986,8.9,2871.506,6493102
19685,Switzerland,CHE,1987,8.8,2981.6448,6530777
19686,Switzerland,CHE,1988,8.6,3076.9371,6571061
19687,Switzerland,CHE,1989,8.4,3194.6702,6617925
19688,Switzerland,CHE,1990,8.2,3251.551,6673738
19689,Switzerland,CHE,1991,7.9,3442.2275,6740104
19690,Switzerland,CHE,1992,7.5,3561.0551,6814701
19691,Switzerland,CHE,1993,7.1,3556.6773,6891266
19692,Switzerland,CHE,1994,6.7,3604.8755,6961228
19693,Switzerland,CHE,1995,6.4,3752.1866,7018702
19694,Switzerland,CHE,1996,6.1,3906.0381,7060963
19695,Switzerland,CHE,1997,6,3982.1448,7090483
19696,Switzerland,CHE,1998,5.8,4142.3256,7112948
19697,Switzerland,CHE,1999,5.7,4248.5318,7136740
19698,Switzerland,CHE,2000,5.6,4344.558,7167908
19699,Switzerland,CHE,2001,5.5,4545.3768,7207987
19700,Switzerland,CHE,2002,5.4,4706.3575,7254975
19701,Switzerland,CHE,2003,5.3,4811.0269,7307078
19702,Switzerland,CHE,2004,5.2,4928.0873,7361231
19703,Switzerland,CHE,2005,5.1,4964.2494,7415007
19704,Switzerland,CHE,2006,4.9,4906.6836,7468350
19705,Switzerland,CHE,2007,4.8,4975.4899,7521613
19706,Switzerland,CHE,2008,4.7,5100.4791,7573204
19707,Switzerland,CHE,2009,4.6,5236.1522,7621211
19708,Switzerland,CHE,2010,4.6,5371.4504,7664318
19709,Switzerland,CHE,2011,4.5,5485.8134,7701690
19710,Switzerland,CHE,2012,4.4,5687.2677,7733709
19711,Switzerland,CHE,2013,4.4,5818.7818,7761820
20729,Turkey,TUR,1975,157.7,165.0731,39585821
20730,Turkey,TUR,1976,151.6,140.9377,40446729
20731,Turkey,TUR,1977,145.5,167.3497,41316297
20732,Turkey,TUR,1978,139.4,185.7754,42206204
20733,Turkey,TUR,1979,133.4,185.7688,43132612
20734,Turkey,TUR,1980,127.4,182.3208,44105216
20735,Turkey,TUR,1981,121.4,203.7051,45130008
20736,Turkey,TUR,1982,115.4,171.7645,46198027
20737,Turkey,TUR,1983,109.5,179.843,47285732
20738,Turkey,TUR,1984,103.8,180.2676,48360679
20739,Turkey,TUR,1985,98.4,129.4716,49399630
20740,Turkey,TUR,1986,93,167.0179,50393538
20741,Turkey,TUR,1987,87.9,184.8806,51349154
20742,Turkey,TUR,1988,83.1,201.9671,52278499
20743,Turkey,TUR,1989,78.4,216.9416,53200802
20744,Turkey,TUR,1990,74,249.5391,54130268
20745,Turkey,TUR,1991,69.8,280.5111,55068880
20746,Turkey,TUR,1992,65.8,287.4862,56012109
20747,Turkey,TUR,1993,62,298.9687,56959988
20748,Turkey,TUR,1994,58.3,270.0727,57911273
20749,Turkey,TUR,1995,54.8,265.1805,58864649
20750,Turkey,TUR,1996,51.4,322.5513,59821978
20751,Turkey,TUR,1997,48.1,367.7261,60783217
20752,Turkey,TUR,1998,45,427.0581,61742674
20753,Turkey,TUR,1999,42,516.4664,62692616
20754,Turkey,TUR,2000,39.2,575.1512,63627862
20755,Turkey,TUR,2001,36.6,582.2162,64544914
20756,Turkey,TUR,2002,34.1,634.4325,65446165
20757,Turkey,TUR,2003,31.7,656.849,66339433
20758,Turkey,TUR,2004,29.5,697.9255,67235927
20759,Turkey,TUR,2005,27.5,748.9754,68143186
20760,Turkey,TUR,2006,25.6,832.1519,69063538
20761,Turkey,TUR,2007,23.8,878.5876,69992754
20762,Turkey,TUR,2008,22.1,871.6667,70923730
20763,Turkey,TUR,2009,20.6,862.9134,71846212
20764,Turkey,TUR,2010,19.2,852.6704,72752325
20765,Turkey,TUR,2011,17.9,862.9516,73639596
20766,Turkey,TUR,2012,16.6,856.9456,74508771
20767,Turkey,TUR,2013,15.5,903.5676,75359032
21357,United Kingdom,GBR,1970,21,656.0517,55645390
21358,United Kingdom,GBR,1971,20.6,684.045,55819499
21359,United Kingdom,GBR,1972,20,723.019,55964697
21360,United Kingdom,GBR,1973,19.4,755.9272,56081455
21361,United Kingdom,GBR,1974,18.7,851.4209,56170690
21362,United Kingdom,GBR,1975,18,889.9373,56234250
21363,United Kingdom,GBR,1976,17.2,920.0744,56273041
21364,United Kingdom,GBR,1977,16.5,924.6097,56290629
21365,United Kingdom,GBR,1978,15.7,953.2253,56295032
21366,United Kingdom,GBR,1979,14.9,975.3974,56296406
21367,United Kingdom,GBR,1980,14.1,1018.0133,56303011
21368,United Kingdom,GBR,1981,13.4,1053.2004,56317534
21369,United Kingdom,GBR,1982,12.7,1042.4711,56341308
21370,United Kingdom,GBR,1983,12.2,1128.0444,56379327
21371,United Kingdom,GBR,1984,11.7,1133.5529,56436762
21372,United Kingdom,GBR,1985,11.4,1155.5843,56516908
21373,United Kingdom,GBR,1986,11.1,1185.9615,56622956
21374,United Kingdom,GBR,1987,10.8,1262.1952,56753658
21375,United Kingdom,GBR,1988,10.4,1310.9193,56902081
21376,United Kingdom,GBR,1989,9.9,1326.9804,57058173
21377,United Kingdom,GBR,1990,9.3,1344.0919,57214474
21378,United Kingdom,GBR,1991,8.7,1426.0631,57369629
21379,United Kingdom,GBR,1992,8.2,1545.4584,57525459
21380,United Kingdom,GBR,1993,7.7,1600.5217,57681639
21381,United Kingdom,GBR,1994,7.4,1681.6816,57838596
21382,United Kingdom,GBR,1995,7.2,1709.2018,57997210
21383,United Kingdom,GBR,1996,7,1745.8191,58156871
21384,United Kingdom,GBR,1997,6.9,1748.6616,58318771
21385,United Kingdom,GBR,1998,6.8,1837.6474,58488026
21386,United Kingdom,GBR,1999,6.7,1965.5434,58671413
21387,United Kingdom,GBR,2000,6.5,2044.202,58874117
21388,United Kingdom,GBR,2001,6.4,2204.104,59097129
21389,United Kingdom,GBR,2002,6.3,2335.376,59339971
21390,United Kingdom,GBR,2003,6.3,2487.615,59604347
21391,United Kingdom,GBR,2004,6.2,2606.135,59891788
21392,United Kingdom,GBR,2005,6,2712.273,60202727
21393,United Kingdom,GBR,2006,5.9,2812.727,60538143
21394,United Kingdom,GBR,2007,5.8,2894.783,60896101
21395,United Kingdom,GBR,2008,5.6,2945.846,61270318
21396,United Kingdom,GBR,2009,5.4,3085.415,61652315
21397,United Kingdom,GBR,2010,5.2,3036.12,62035570
21398,United Kingdom,GBR,2011,5,3063.044,62417431
21399,United Kingdom,GBR,2012,4.8,3099.058,62798099
21400,United Kingdom,GBR,2013,4.6,3673.108,63177406
21557,United States,USA,1970,23.3,1452.5874,209463865
21558,United States,USA,1971,22.4,1513.5113,211355529
21559,United States,USA,1972,21.5,1609.232,213250350
21560,United States,USA,1973,20.6,1688.367,215164616
21561,United States,USA,1974,19.7,1746.0535,217113584
21562,United States,USA,1975,18.8,1809.8533,219108358
21563,United States,USA,1976,17.9,1954.6698,221161377
21564,United States,USA,1977,17.1,2092.2439,223274855
21565,United States,USA,1978,16.3,2177.4709,225436004
21566,United States,USA,1979,15.6,2260.2595,227624232
21567,United States,USA,1980,15,2363.7486,229825004
21568,United States,USA,1981,14.4,2485.7482,232035086
21569,United States,USA,1982,13.9,2611.8782,234261242
21570,United States,USA,1983,13.4,2743.7236,236510688
21571,United States,USA,1984,13,2902.8663,238794274
21572,United States,USA,1985,12.7,3068.3808,241119752
21573,United States,USA,1986,12.4,3202.9039,243495805
21574,United States,USA,1987,12.1,3364.5363,245920994
21575,United States,USA,1988,11.9,3610.2574,248381577
21576,United States,USA,1989,11.6,3835.6971,250857751
21577,United States,USA,1990,11.2,4093.4464,253339097
21578,United States,USA,1991,10.9,4277.884,255807342
21579,United States,USA,1992,10.5,4466.39,258275919
21580,United States,USA,1993,10.1,4623.3645,260803255
21581,United States,USA,1994,9.8,4721.7997,263468980
21582,United States,USA,1995,9.5,4835.5526,266323717
21583,United States,USA,1996,9.2,4945.7865,269393632
21584,United States,USA,1997,8.9,5068.7317,272643340
21585,United States,USA,1998,8.7,5243.21,275986072
21586,United States,USA,1999,8.6,5425.5428,279300030
21587,United States,USA,2000,8.4,5635.34,282496310
21588,United States,USA,2001,8.3,5934.7847,285544778
21589,United States,USA,2002,8.2,6341.6322,288467308
21590,United States,USA,2003,8.1,6695.7248,291290823
21591,United States,USA,2004,8.1,6924.3707,294063120
21592,United States,USA,2005,8,7092.7348,296820296
21593,United States,USA,2006,7.9,7269.6777,299564470
21594,United States,USA,2007,7.7,7449.0334,302284564
21595,United States,USA,2008,7.6,7561.5873,304989064
21596,United States,USA,2009,7.5,7778.6191,307686729
21597,United States,USA,2010,7.3,7929.372,310383948
21598,United States,USA,2011,7.2,8005.7887,313085380
21599,United States,USA,2012,7.1,8103.3367,315791284
21600,United States,USA,2013,7,8157.4229,318497630
