,Entity,Code,Year,Life expectancy,$ Spent per Citizen,Total population
1070,Australia,AUS,1971,71.06829268,982.3137,12987847
1071,Australia,AUS,1972,71.45756098,989.9003,13236895
1072,Australia,AUS,1973,71.84682927,1007.0003,13472175
1073,Australia,AUS,1974,72.23609756,1138.423,13690285
1074,Australia,AUS,1975,72.62536585,1299.7468,13889696
1075,Australia,AUS,1976,73.01463415,1337.0718,14067994
1076,Australia,AUS,1977,73.34439024,1403.1552,14227905
1077,Australia,AUS,1978,73.67414634,1410.1761,14379565
1078,Australia,AUS,1979,74.00390244,1410.7119,14536839
1079,Australia,AUS,1980,74.33365854,1440.4453,14709918
1080,Australia,AUS,1981,74.66341463,1467.8877,14901610
1081,Australia,AUS,1982,74.90487805,1475.0446,15109659
1082,Australia,AUS,1983,75.14634146,1508.2358,15332790
1083,Australia,AUS,1984,75.38780488,1561.121,15567927
1084,Australia,AUS,1985,75.62926829,1617.1644,15812088
1085,Australia,AUS,1986,75.87073171,1688.0412,16066496
1086,Australia,AUS,1987,76.15170732,1712.2838,16330369
1087,Australia,AUS,1988,76.43268293,1736.7152,16596096
1088,Australia,AUS,1989,76.71365854,1783.3481,16853690
1089,Australia,AUS,1990,76.99463415,1853.1596,17096153
1090,Australia,AUS,1991,77.27560976,1920.2033,17320633
1091,Australia,AUS,1992,77.37804878,1994.4415,17529469
1092,Australia,AUS,1993,77.87804878,2060.3732,17727413
1093,Australia,AUS,1994,77.87804878,2129.3472,17921818
1094,Australia,AUS,1995,77.82926829,2202.176,18118416
1095,Australia,AUS,1996,78.07804878,2307.517,18319637
1096,Australia,AUS,1997,78.4804878,2392.0429,18525153
1097,Australia,AUS,1998,78.63170732,2543.6197,18734878
1098,Australia,AUS,1999,78.93170732,2646.7086,18947894
1099,Australia,AUS,2000,79.23414634,2767.6725,19164351
1100,Australia,AUS,2001,79.63414634,2872.3738,19382188
1101,Australia,AUS,2002,79.93658537,2999.5093,19604051
1102,Australia,AUS,2003,80.23902439,3090.6573,19840120
1103,Australia,AUS,2004,80.4902439,3240.3186,20103822
1104,Australia,AUS,2005,80.84146341,3242.9106,20403520
1105,Australia,AUS,2006,81.04146341,3323.2565,20744295
1106,Australia,AUS,2007,81.29268293,3415.193,21119988
1107,Australia,AUS,2008,81.39512195,3494.4375,21513817
1108,Australia,AUS,2009,81.54390244,3629.7041,21902300
1109,Australia,AUS,2010,81.69512195,3607.3407,22268384
1110,Australia,AUS,2011,81.89512195,3738.1767,22605732
1111,Australia,AUS,2012,82.04634146,3831.3635,22918688
1112,Australia,AUS,2013,82.14878049,3901.7343,23213944
1268,Austria,AUT,1970,69.91463415,849.863,7465908
1269,Austria,AUT,1971,70.11463415,876.7198,7497731
1270,Austria,AUT,1972,70.46341463,924.9049,7526469
1271,Austria,AUT,1973,71.01463415,983.3833,7550638
1272,Austria,AUT,1974,71.01219512,1068.3942,7568347
1273,Austria,AUT,1975,71.11463415,1365.5542,7578498
1274,Austria,AUT,1976,71.56585366,1481.9085,7580564
1275,Austria,AUT,1977,71.91463415,1543.0276,7575669
1276,Austria,AUT,1978,72.01219512,1602.6562,7566450
1277,Austria,AUT,1979,72.31219512,1685.3273,7556551
1278,Austria,AUT,1980,72.46341463,1738.9518,7548798
1279,Austria,AUT,1981,72.81219512,1485.8219,7544359
1280,Austria,AUT,1982,72.96097561,1508.3548,7543194
1281,Austria,AUT,1983,73.01219512,1512.4136,7545472
1282,Austria,AUT,1984,73.61219512,1525.3671,7550960
1283,Austria,AUT,1985,73.81463415,1597.0039,7559621
1284,Austria,AUT,1986,74.31707317,1661.8794,7570906
1285,Austria,AUT,1987,74.76829268,1763.1259,7585345
1286,Austria,AUT,1988,75.21707317,1816.3715,7605095
1287,Austria,AUT,1989,75.26585366,1920.5468,7632984
1288,Austria,AUT,1990,75.56829268,2347.0307,7670513
1289,Austria,AUT,1991,75.61707317,2423.6339,7719577
1290,Austria,AUT,1992,75.81707317,2540.0944,7778255
1291,Austria,AUT,1993,76.06829268,2696.6659,7839625
1292,Austria,AUT,1994,76.4195122,2875.3106,7894229
1293,Austria,AUT,1995,76.66829268,2925.7651,7935624
1294,Austria,AUT,1996,76.87073171,2978.1928,7960464
1295,Austria,AUT,1997,77.3195122,3074.4388,7971553
1296,Austria,AUT,1998,77.67073171,3240.746,7976117
1297,Austria,AUT,1999,77.87560976,3404.3271,7984694
1298,Austria,AUT,2000,78.12682927,3472.7366,8004712
1299,Austria,AUT,2001,78.57560976,3531.3159,8038480
1300,Austria,AUT,2002,78.67804878,3620.3297,8083059
1301,Austria,AUT,2003,78.63170732,3695.6138,8134235
1302,Austria,AUT,2004,79.1804878,3797.4718,8185553
1303,Austria,AUT,2005,79.33170732,3826.3191,8232196
1304,Austria,AUT,2006,79.8804878,3893.9178,8273208
1305,Austria,AUT,2007,80.1804878,4020.3699,8309783
1306,Austria,AUT,2008,80.43170732,4136.9982,8341806
1307,Austria,AUT,2009,80.33170732,4178.429,8369639
1308,Austria,AUT,2010,80.5804878,4236.3164,8393644
1309,Austria,AUT,2011,80.98292683,4253.5175,8413429
1310,Austria,AUT,2012,80.93658537,4362.1556,8428915
1311,Austria,AUT,2013,81.13658537,4352.5783,8441263
1908,Belgium,BEL,1970,70.97195122,683.3738,9624908
1909,Belgium,BEL,1971,71.0604878,723.5906,9660688
1910,Belgium,BEL,1972,71.40512195,788.4374,9696539
1911,Belgium,BEL,1973,71.63536585,891.1623,9730978
1912,Belgium,BEL,1974,71.98585366,939.3939,9761867
1913,Belgium,BEL,1975,71.97121951,1154.0117,9787677
1914,Belgium,BEL,1976,72.1197561,1262.6339,9808403
1915,Belgium,BEL,1977,72.77390244,1372.7239,9824685
1916,Belgium,BEL,1978,72.69804878,1453.5338,9836487
1917,Belgium,BEL,1979,73.19365854,1482.0677,9843898
1918,Belgium,BEL,1980,73.20707317,1494.2748,9847297
1919,Belgium,BEL,1981,73.62170732,1590.1579,9846320
1920,Belgium,BEL,1982,73.88804878,1655.4796,9841800
1921,Belgium,BEL,1983,73.86902439,1701.4332,9836784
1922,Belgium,BEL,1984,74.40487805,1703.9211,9835279
1923,Belgium,BEL,1985,74.5202439,1744.1525,9840123
1924,Belgium,BEL,1986,74.73170732,1819.5336,9852488
1925,Belgium,BEL,1987,75.36585366,1888.226,9871551
1926,Belgium,BEL,1988,75.56585366,1970.8607,9895654
1927,Belgium,BEL,1989,75.63268293,2015.7184,9922158
1928,Belgium,BEL,1990,76.05195122,2085.3743,9949019
1929,Belgium,BEL,1991,76.19219512,2208.0614,9976325
1930,Belgium,BEL,1992,76.35121951,2286.7203,10004469
1931,Belgium,BEL,1993,76.34536585,2292.4751,10032084
1932,Belgium,BEL,1994,76.69170732,2297.5698,10057529
1933,Belgium,BEL,1995,76.84073171,2334.5471,10079873
1934,Belgium,BEL,1996,77.18731707,2454.2452,10098192
1935,Belgium,BEL,1997,77.37073171,2492.5703,10113392
1936,Belgium,BEL,1998,77.47317073,2577.5149,10128653
1937,Belgium,BEL,1999,77.6195122,2720.044,10148371
1938,Belgium,BEL,2000,77.72195122,2826.9874,10175684
1939,Belgium,BEL,2001,77.97317073,2898.5499,10211264
1940,Belgium,BEL,2002,78.07560976,2994.2747,10254025
1941,Belgium,BEL,2003,78.12926829,3305.4234,10303108
1942,Belgium,BEL,2004,78.87804878,3418.6101,10356993
1943,Belgium,BEL,2005,78.9804878,3442.567,10414209
1944,Belgium,BEL,2006,79.3804878,3469.8104,10474993
1945,Belgium,BEL,2007,79.78292683,3577.1295,10538758
1946,Belgium,BEL,2008,79.6804878,3725.1113,10602167
1947,Belgium,BEL,2009,80.03414634,3900.7277,10660938
1948,Belgium,BEL,2010,80.18292683,3901.9126,10712066
1949,Belgium,BEL,2011,80.58536585,3986.078,10754056
1950,Belgium,BEL,2012,80.38536585,4006.2239,10787788
1951,Belgium,BEL,2013,80.58780488,4062.795,10815599
3309,Canada,CAN,1970,72.7004878,1295.7665,21716855
3310,Canada,CAN,1971,73.02926829,1390.037,22048431
3311,Canada,CAN,1972,72.93390244,1430.5746,22344104
3312,Canada,CAN,1973,73.16268293,1437.3807,22614673
3313,Canada,CAN,1974,73.23756098,1442.2155,22876657
3314,Canada,CAN,1975,73.52170732,1553.5575,23142272
3315,Canada,CAN,1976,73.85609756,1621.8955,23416090
3316,Canada,CAN,1977,74.21560976,1653.0144,23695198
3317,Canada,CAN,1978,74.5297561,1694.2938,23975639
3318,Canada,CAN,1979,74.86634146,1711.5811,24250641
3319,Canada,CAN,1980,75.07804878,1773.2352,24516277
3320,Canada,CAN,1981,75.47853659,1867.9228,24769849
3321,Canada,CAN,1982,75.6804878,1979.7332,25016047
3322,Canada,CAN,1983,76.03634146,2057.1832,25266950
3323,Canada,CAN,1984,76.31756098,2126.6136,25538860
3324,Canada,CAN,1985,76.30341463,2209.266,25842588
3325,Canada,CAN,1986,76.44,2306.182,26183106
3326,Canada,CAN,1987,76.7395122,2351.3938,26554540
3327,Canada,CAN,1988,76.80926829,2423.1176,26943398
3328,Canada,CAN,1989,77.06560976,2500.3536,27330298
3329,Canada,CAN,1990,77.37707317,2595.9141,27700854
3330,Canada,CAN,1991,77.55341463,2714.7232,28051725
3331,Canada,CAN,1992,77.32073171,2781.2469,28386162
3332,Canada,CAN,1993,77.68512195,2788.8032,28704519
3333,Canada,CAN,1994,77.86195122,2771.8514,29009032
3334,Canada,CAN,1995,77.97756098,2720.2965,29302092
3335,Canada,CAN,1996,78.2304878,2672.6873,29582222
3336,Canada,CAN,1997,78.4804878,2753.7682,29850242
3337,Canada,CAN,1998,78.66243902,2915.6411,30113972
3338,Canada,CAN,1999,78.88292683,2963.8153,30383823
3339,Canada,CAN,2000,79.23658537,3058.155,30667365
3340,Canada,CAN,2001,79.48780488,3219.9298,30967236
3341,Canada,CAN,2002,79.5902439,3369.4221,31281727
3342,Canada,CAN,2003,79.83902439,3458.5634,31608562
3343,Canada,CAN,2004,80.14146341,3553.4721,31943605
3344,Canada,CAN,2005,80.29268293,3619.4946,32283413
3345,Canada,CAN,2006,80.29268293,3745.9104,32627978
3346,Canada,CAN,2007,80.54390244,3823.2951,32977334
3347,Canada,CAN,2008,80.69512195,3888.0876,33327954
3348,Canada,CAN,2009,80.94634146,4168.1453,33675448
3349,Canada,CAN,2010,81.19756098,4242.3395,34016593
3350,Canada,CAN,2011,81.44878049,4197.4339,34349561
3351,Canada,CAN,2012,81.5835122,4217.7065,34674708
3352,Canada,CAN,2013,81.77204878,4227.6444,34993747
3981,Chile,CHL,1995,75.374,518.8709,14409416
3982,Chile,CHL,1996,75.678,571.4461,14630769
3983,Chile,CHL,1997,75.974,602.4807,14840038
3984,Chile,CHL,1998,76.259,643.746,15039162
3985,Chile,CHL,1999,76.533,643.4363,15231557
3986,Chile,CHL,2000,76.793,672.0826,15419820
3987,Chile,CHL,2001,77.034,702.5606,15604200
3988,Chile,CHL,2002,77.255,723.3348,15783991
3989,Chile,CHL,2003,77.453,847.996,15959793
3990,Chile,CHL,2004,77.632,900.6741,16132209
3991,Chile,CHL,2005,77.791,945.5478,16301726
3992,Chile,CHL,2006,77.934,986.7056,16468677
3993,Chile,CHL,2007,78.066,1053.6318,16633254
3994,Chile,CHL,2008,78.193,1084.6686,16795593
3995,Chile,CHL,2009,78.32,1153.454,16955737
3996,Chile,CHL,2010,78.454,1219.6509,17113688
3997,Chile,CHL,2011,78.599,1279.5465,17269525
3998,Chile,CHL,2012,78.758,1355.3914,17423214
3999,Chile,CHL,2013,78.931,1464.9806,17574464
5057,Czech Republic,CZE,1990,71.38390244,716.5572,10302718
5058,Czech Republic,CZE,1991,71.89829268,658.0074,10307130
5059,Czech Republic,CZE,1992,72.27170732,674.823,10313662
5060,Czech Republic,CZE,1993,72.76780488,903.4505,10319923
5061,Czech Republic,CZE,1994,72.97268293,957.5316,10322561
5062,Czech Republic,CZE,1995,73.07487805,1058.9196,10319337
5063,Czech Republic,CZE,1996,73.71463415,1082.1967,10310016
5064,Czech Republic,CZE,1997,73.82487805,1077.8613,10295984
5065,Czech Republic,CZE,1998,74.51463415,1072.1795,10278707
5066,Czech Republic,CZE,1999,74.66829268,1123.4993,10260335
5067,Czech Republic,CZE,2000,74.96829268,1159.6971,10242890
5068,Czech Republic,CZE,2001,75.17317073,1234.4662,10225701
5069,Czech Republic,CZE,2002,75.22195122,1324.2376,10209500
5070,Czech Republic,CZE,2003,75.17073171,1452.0197,10199327
5071,Czech Republic,CZE,2004,75.72195122,1481.5625,10201665
5072,Czech Republic,CZE,2005,75.92439024,1574.6261,10220638
5073,Czech Republic,CZE,2006,76.52439024,1628.7237,10258796
5074,Czech Republic,CZE,2007,76.72439024,1660.1874,10313525
5075,Czech Republic,CZE,2008,76.97560976,1787.753,10377359
5076,Czech Republic,CZE,2009,77.07804878,1939.7369,10439735
5077,Czech Republic,CZE,2010,77.42439024,1879.5815,10492960
5078,Czech Republic,CZE,2011,77.87317073,1927.1554,10534293
5079,Czech Republic,CZE,2012,78.07560976,1924.5446,10565678
5080,Czech Republic,CZE,2013,78.17560976,2102.5929,10589806
5306,Denmark,DNK,1971,73.41463415,1752.6046,4959083
5307,Denmark,DNK,1972,73.43902439,1832.706,4987806
5308,Denmark,DNK,1973,73.68219512,1840.6337,5014503
5309,Denmark,DNK,1974,73.80829268,1983.8015,5038752
5310,Denmark,DNK,1975,74.07512195,2007.4161,5060227
5311,Denmark,DNK,1976,73.7397561,2097.479,5079015
5312,Denmark,DNK,1977,74.63243902,2082.9591,5095133
5313,Denmark,DNK,1978,74.39292683,2152.0583,5108145
5314,Denmark,DNK,1979,74.21926829,2256.2179,5117514
5315,Denmark,DNK,1980,74.10170732,2233.5431,5123026
5316,Denmark,DNK,1981,74.2304878,2266.1629,5124545
5317,Denmark,DNK,1982,74.55121951,2365.8534,5122696
5318,Denmark,DNK,1983,74.4204878,2370.3896,5118998
5319,Denmark,DNK,1984,74.56219512,2338.5427,5115476
5320,Denmark,DNK,1985,74.42756098,2423.9343,5113701
5321,Denmark,DNK,1986,74.5797561,2462.757,5114172
5322,Denmark,DNK,1987,74.69121951,2566.9934,5116854
5323,Denmark,DNK,1988,74.77170732,2609.3351,5122098
5324,Denmark,DNK,1989,74.7997561,2583.172,5130127
5325,Denmark,DNK,1990,74.80536585,2603.6992,5141034
5326,Denmark,DNK,1991,75.15780488,2600.6729,5155038
5327,Denmark,DNK,1992,75.19414634,2647.4906,5172040
5328,Denmark,DNK,1993,75.11682927,2747.1456,5191370
5329,Denmark,DNK,1994,75.37512195,2811.1094,5212071
5330,Denmark,DNK,1995,75.21268293,2772.5318,5233364
5331,Denmark,DNK,1996,75.59146341,2861.9021,5255213
5332,Denmark,DNK,1997,75.94512195,2909.2982,5277572
5333,Denmark,DNK,1998,76.13902439,2887.3885,5299649
5334,Denmark,DNK,1999,76.34146341,3272.6025,5320488
5335,Denmark,DNK,2000,76.59268293,3287.6537,5339501
5336,Denmark,DNK,2001,76.79268293,3443.0322,5356055
5337,Denmark,DNK,2002,76.89512195,3551.795,5370507
5338,Denmark,DNK,2003,77.14390244,3638.1442,5384487
5339,Denmark,DNK,2004,77.49268293,3769.889,5400280
5340,Denmark,DNK,2005,77.84390244,3883.3181,5419444
5341,Denmark,DNK,2006,78.09512195,4052.4257,5442644
5342,Denmark,DNK,2007,78.19512195,4137.2414,5469130
5343,Denmark,DNK,2008,78.44634146,4175.102,5497312
5344,Denmark,DNK,2009,78.59756098,4434.2513,5524874
5345,Denmark,DNK,2010,79.1,4370.3331,5550142
5346,Denmark,DNK,2011,79.8,4310.9932,5572594
5347,Denmark,DNK,2012,80.05121951,4309.4836,5592738
5348,Denmark,DNK,2013,80.3,4295.5987,5611187
6322,Estonia,EST,1999,70.06341463,754.2285,1379962
6323,Estonia,EST,2000,70.41707317,751.4352,1370749
6324,Estonia,EST,2001,70.25853659,745.465,1362823
6325,Estonia,EST,2002,70.90487805,786.621,1356644
6326,Estonia,EST,2003,71.31707317,877.7061,1351955
6327,Estonia,EST,2004,71.9097561,978.3881,1348449
6328,Estonia,EST,2005,72.56829268,1047.3086,1345857
6329,Estonia,EST,2006,72.69146341,1152.9042,1344038
6330,Estonia,EST,2007,72.81463415,1275.8281,1342873
6331,Estonia,EST,2008,73.77073171,1373.0364,1342145
6332,Estonia,EST,2009,74.82439024,1342.592,1341629
6333,Estonia,EST,2010,75.42926829,1334.1851,1341140
6334,Estonia,EST,2011,76.22926829,1324.0841,1340537
6335,Estonia,EST,2012,76.32682927,1394.4443,1339762
6336,Estonia,EST,2013,77.14146341,1464.5597,1338832
6994,Finland,FIN,1970,70.1795122,759.8204,4605998
6995,Finland,FIN,1971,70.01756098,823.5278,4622759
6996,Finland,FIN,1972,70.70731707,897.8236,4644371
6997,Finland,FIN,1973,71.22365854,928.4083,4668510
6998,Finland,FIN,1974,71.13487805,942.0766,4691674
6999,Finland,FIN,1975,71.67365854,1043.8095,4711432
7000,Finland,FIN,1976,71.81292683,1106.7728,4726845
7001,Finland,FIN,1977,72.3502439,1143.9357,4739016
7002,Finland,FIN,1978,72.89707317,1162.5551,4750001
7003,Finland,FIN,1979,73.15536585,1212.4493,4762803
7004,Finland,FIN,1980,73.44,1258.2683,4779488
7005,Finland,FIN,1981,73.74658537,1295.7892,4800928
7006,Finland,FIN,1982,74.29804878,1348.9003,4826163
7007,Finland,FIN,1983,74.20097561,1402.4839,4853221
7008,Finland,FIN,1984,74.51902439,1450.1209,4879235
7009,Finland,FIN,1985,74.22292683,1588.8682,4902206
7010,Finland,FIN,1986,74.56,1651.2439,4921232
7011,Finland,FIN,1987,74.59195122,1740.4537,4937130
7012,Finland,FIN,1988,74.57707317,1774.809,4951685
7013,Finland,FIN,1989,74.79219512,1869.3929,4967527
7014,Finland,FIN,1990,74.81317073,2015.0186,4986441
7015,Finland,FIN,1991,75.22756098,2162.646,5009160
7016,Finland,FIN,1992,75.45536585,2128.9968,5034766
7017,Finland,FIN,1993,75.70512195,1934.0765,5061394
7018,Finland,FIN,1994,76.39560976,1862.0776,5086368
7019,Finland,FIN,1995,76.4095122,1951.7806,5107802
7020,Finland,FIN,1996,76.69341463,2050.0056,5125177
7021,Finland,FIN,1997,76.87853659,2071.8464,5139257
7022,Finland,FIN,1998,77.09073171,2084.1422,5151024
7023,Finland,FIN,1999,77.29121951,2163.5734,5161995
7024,Finland,FIN,2000,77.46585366,2302.7754,5173370
7025,Finland,FIN,2001,77.96585366,2407.5286,5185180
7026,Finland,FIN,2002,78.1195122,2573.9942,5197305
7027,Finland,FIN,2003,78.36829268,2729.7925,5210595
7028,Finland,FIN,2004,78.71463415,2873.619,5226067
7029,Finland,FIN,2005,78.81707317,3016.7141,5244342
7030,Finland,FIN,2006,79.21463415,3129.107,5265936
7031,Finland,FIN,2007,79.26341463,3203.6907,5290431
7032,Finland,FIN,2008,79.56829268,3316.5843,5316334
7033,Finland,FIN,2009,79.7195122,3322.6085,5341546
7034,Finland,FIN,2010,79.87073171,3403.1108,5364546
7035,Finland,FIN,2011,80.47073171,3505.0245,5384770
7036,Finland,FIN,2012,80.62682927,3568.2158,5402627
7037,Finland,FIN,2013,80.97560976,3602.6862,5418763
7250,France,FRA,1970,71.65853659,923.0338,50763212
7255,France,FRA,1975,72.85365854,1267.5022,52691826
7260,France,FRA,1980,74.05121951,1604.7333,53880143
7265,France,FRA,1985,75.3,1923.1369,55281465
7270,France,FRA,1990,76.6,2300.8976,56708260
7271,France,FRA,1991,76.84878049,2377.8353,56956057
7272,France,FRA,1992,77.1,2469.4117,57189616
7273,France,FRA,1993,77.3,2561.9933,57412239
7274,France,FRA,1994,77.64878049,2607.9071,57628904
7275,France,FRA,1995,77.75121951,2965.8229,57844501
7276,France,FRA,1996,77.95365854,2997.7557,58057570
7277,France,FRA,1997,78.30487805,3018.3427,58270419
7278,France,FRA,1998,78.60487805,3082.7392,58496138
7279,France,FRA,1999,78.75609756,3171.996,58751572
7280,France,FRA,2000,79.05609756,3248.9504,59047795
7281,France,FRA,2001,79.15853659,3331.4384,59390720
7282,France,FRA,2002,79.26097561,3454.0558,59774531
7283,France,FRA,2003,79.11463415,3478.5787,60183884
7284,France,FRA,2004,80.16341463,3578.9042,60596691
7285,France,FRA,2005,80.16341463,3629.209,60996506
7286,France,FRA,2006,80.81219512,3644.7304,61378065
7287,France,FRA,2007,81.11219512,3680.6859,61744596
7288,France,FRA,2008,81.21463415,3713.7856,62098413
7289,France,FRA,2009,81.41463415,3836.7055,62444770
7290,France,FRA,2010,81.66341463,3859.5252,62787427
7291,France,FRA,2011,82.11463415,3917.4283,63125894
7292,France,FRA,2012,81.96829268,3942.3884,63457777
7293,France,FRA,2013,82.2195122,3989.2368,63782963
7798,Germany,DEU,1970,70.63978049,1219.428,78169287
7799,Germany,DEU,1971,70.74287805,1358.2333,78398250
7800,Germany,DEU,1972,70.867,1480.9197,78549958
7801,Germany,DEU,1973,71.01668293,1619.966,78635758
7802,Germany,DEU,1974,71.19541463,1757.4922,78672415
7803,Germany,DEU,1975,71.40173171,1906.5468,78673559
7804,Germany,DEU,1976,71.63414634,2015.1658,78648816
7805,Germany,DEU,1977,71.88368293,2070.2065,78600404
7806,Germany,DEU,1978,72.14329268,2154.6998,78526576
7807,Germany,DEU,1979,72.40853659,2201.3952,78422458
7808,Germany,DEU,1980,72.67790244,2282.4014,78288577
7809,Germany,DEU,1981,72.95039024,2374.1244,78124452
7810,Germany,DEU,1982,73.227,2319.1311,77944929
7811,Germany,DEU,1983,73.50519512,2361.1298,77784306
7812,Germany,DEU,1984,73.78292683,2472.1423,77686865
7813,Germany,DEU,1985,74.05463415,2579.6387,77684875
7814,Germany,DEU,1986,74.31373171,2603.9363,77783439
7815,Germany,DEU,1987,74.55968293,2668.4883,77974722
7816,Germany,DEU,1988,74.7924878,2812.9428,78260173
7817,Germany,DEU,1989,75.01314634,2689.5098,78637382
7818,Germany,DEU,1990,75.2277561,2774.6817,79098094
7820,Germany,DEU,1992,75.8195122,2909.8528,80282985
7821,Germany,DEU,1993,75.87073171,2853.0909,80926118
7822,Germany,DEU,1994,76.27073171,2989.637,81495194
7823,Germany,DEU,1995,76.42195122,3122.131,81929441
7824,Germany,DEU,1996,76.67317073,3241.8944,82200333
7825,Germany,DEU,1997,77.07317073,3257.2866,82326019
7826,Germany,DEU,1998,77.47560976,3327.2647,82350467
7827,Germany,DEU,1999,77.72682927,3414.5749,82341545
7828,Germany,DEU,2000,77.92682927,3536.3549,82349027
7829,Germany,DEU,2001,78.32926829,3603.768,82384256
7830,Germany,DEU,2002,78.22926829,3687.3766,82432026
7831,Germany,DEU,2003,78.3804878,3745.138,82484111
7832,Germany,DEU,2004,78.6804878,3704.9553,82524343
7833,Germany,DEU,2005,78.93170732,3787.1331,82540739
7834,Germany,DEU,2006,79.13170732,3875.1386,82536138
7835,Germany,DEU,2007,79.53414634,3950.1671,82516297
7836,Germany,DEU,2008,79.73658537,4079.0901,82475271
7837,Germany,DEU,2009,79.83658537,4232.5762,82405365
7838,Germany,DEU,2010,79.98780488,4358.6128,82302465
7839,Germany,DEU,2011,80.43658537,4396.4446,82162512
7840,Germany,DEU,2012,80.53902439,4516.9885,81990837
7841,Germany,DEU,2013,80.4902439,4589.3728,81804228
8152,Greece,GRC,1988,75.8912439,1120.1386,10045020
8153,Greece,GRC,1989,76.68780488,1268.3512,10094241
8154,Greece,GRC,1990,76.93902439,1266.7054,10160501
8155,Greece,GRC,1991,77.13658537,1259.177,10247132
8156,Greece,GRC,1992,77.38292683,1376.7298,10351229
8157,Greece,GRC,1993,77.3902439,1511.2064,10464295
8158,Greece,GRC,1994,77.63902439,1682.7263,10574134
8159,Greece,GRC,1995,77.58536585,1709.315,10671809
8160,Greece,GRC,1996,77.68536585,1729.3586,10754641
8161,Greece,GRC,1997,78.13658537,1756.0787,10824894
8162,Greece,GRC,1998,77.83902439,1786.9542,10884604
8163,Greece,GRC,1999,77.98780488,1879.4975,10937612
8164,Greece,GRC,2000,77.88780488,1815.1583,10986883
8165,Greece,GRC,2001,78.38780488,2073.6269,11032395
8166,Greece,GRC,2002,78.64146341,2213.1951,11073334
8167,Greece,GRC,2003,78.84146341,2325.7693,11111072
8168,Greece,GRC,2004,79.03902439,2358.3612,11147261
8169,Greece,GRC,2005,79.23902439,2682.9519,11183114
8170,Greece,GRC,2006,79.43902439,2816.2848,11219300
8171,Greece,GRC,2007,79.43902439,2931.8391,11255717
8172,Greece,GRC,2008,79.93902439,3138.9139,11291807
8173,Greece,GRC,2009,80.18780488,2995.5728,11326596
8174,Greece,GRC,2010,80.38780488,2855.3382,11359346
8175,Greece,GRC,2011,80.73170732,2496.7023,11390031
8176,Greece,GRC,2012,80.63414634,2199.1078,11418878
8177,Greece,GRC,2013,81.28536585,2096.1872,11445691
9401,Hungary,HUN,1991,69.37707317,931.3611,10360831
9402,Hungary,HUN,1992,69.11707317,972.5426,10352695
9403,Hungary,HUN,1993,69.10121951,977.2673,10348284
9404,Hungary,HUN,1994,69.4697561,1076.6561,10342427
9405,Hungary,HUN,1995,69.79170732,996.4554,10331403
9406,Hungary,HUN,1996,70.32878049,985.2159,10313993
9407,Hungary,HUN,1997,70.70243902,968.7231,10291342
9408,Hungary,HUN,1998,70.55780488,1069.7785,10264982
9409,Hungary,HUN,1999,70.67707317,1141.0826,10237422
9410,Hungary,HUN,2000,71.24634146,1174.2322,10210545
9411,Hungary,HUN,2001,72.24878049,1231.7817,10184663
9412,Hungary,HUN,2002,72.34878049,1345.8965,10159273
9413,Hungary,HUN,2003,72.3,1601.6351,10134513
9414,Hungary,HUN,2004,72.64878049,1611.2098,10110393
9415,Hungary,HUN,2005,72.64878049,1736.3408,10086936
9416,Hungary,HUN,2006,73.09756098,1762.9564,10064274
9417,Hungary,HUN,2007,73.15121951,1641.345,10042572
9418,Hungary,HUN,2008,73.70243902,1631.2306,10021886
9419,Hungary,HUN,2009,73.90487805,1558.7315,10002247
9420,Hungary,HUN,2010,74.20731707,1632.9071,9983645
9421,Hungary,HUN,2011,74.85853659,1670.9272,9966116
9422,Hungary,HUN,2012,75.06341463,1633.207,9949589
9423,Hungary,HUN,2013,75.56585366,1623.611,9933795
9734,Iceland,ISL,1970,73.93390244,677.6726,204101
9735,Iceland,ISL,1971,73.5704878,830.6061,206821
9736,Iceland,ISL,1972,74.45585366,851.981,209722
9737,Iceland,ISL,1973,74.45097561,821.2949,212673
9738,Iceland,ISL,1974,74.51170732,977.879,215485
9739,Iceland,ISL,1975,75.57878049,1049.6175,218031
9740,Iceland,ISL,1976,76.97219512,1033.2232,220260
9741,Iceland,ISL,1977,76.37365854,1104.9693,222238
9742,Iceland,ISL,1978,76.64926829,1250.5295,224096
9743,Iceland,ISL,1979,76.77317073,1467.5863,226025
9744,Iceland,ISL,1980,76.84658537,1422.0142,228160
9745,Iceland,ISL,1981,76.52146341,1497.722,230543
9746,Iceland,ISL,1982,77.03780488,1581.5156,233131
9747,Iceland,ISL,1983,76.84560976,1674.4617,235861
9748,Iceland,ISL,1984,77.57658537,1626.2001,238641
9749,Iceland,ISL,1985,77.60243902,1725.9535,241398
9750,Iceland,ISL,1986,77.99073171,1943.1152,244124
9751,Iceland,ISL,1987,77.33902439,2136.8455,246837
9752,Iceland,ISL,1988,77.08292683,2267.1187,249526
9753,Iceland,ISL,1989,78.14097561,2195.0565,252179
9754,Iceland,ISL,1990,78.03634146,2104.4213,254793
9755,Iceland,ISL,1991,77.99195122,2124.8289,257359
9756,Iceland,ISL,1992,78.7602439,2081.2123,259881
9757,Iceland,ISL,1993,78.93463415,2110.8651,262386
9758,Iceland,ISL,1994,79.24707317,2120.1821,264909
9759,Iceland,ISL,1995,77.98439024,2145.0396,267478
9760,Iceland,ISL,1996,78.77780488,2245.4189,270119
9761,Iceland,ISL,1997,78.88536585,2308.4022,272836
9762,Iceland,ISL,1998,79.60243902,2672.0023,275608
9763,Iceland,ISL,1999,79.35121951,2880.4164,278403
9764,Iceland,ISL,2000,79.65365854,3018.2348,281210
9765,Iceland,ISL,2001,80.6902439,3046.8803,283992
9766,Iceland,ISL,2002,80.50243902,3280.2966,286783
9767,Iceland,ISL,2003,80.96341463,3504.7227,289724
9768,Iceland,ISL,2004,80.99756098,3563.2638,293004
9769,Iceland,ISL,2005,81.50243902,3571.3684,296743
9770,Iceland,ISL,2006,81.15853659,3531.784,301010
9771,Iceland,ISL,2007,81.45365854,3686.4844,305721
9772,Iceland,ISL,2008,81.6097561,3692.5888,310666
9773,Iceland,ISL,2009,81.75121951,3631.9733,315543
9774,Iceland,ISL,2010,81.89756098,3405.9865,320136
9775,Iceland,ISL,2011,82.35853659,3395.1218,324366
9776,Iceland,ISL,2012,82.91707317,3440.0963,328290
9777,Iceland,ISL,2013,82.06097561,3560.4208,331996
10354,Ireland,IRL,1970,71.03143902,530.1572,2963020
10355,Ireland,IRL,1971,71.12853659,642.5646,2997907
10356,Ireland,IRL,1972,71.2322439,681.9066,3039128
10357,Ireland,IRL,1973,71.34556098,718.8923,3085214
10358,Ireland,IRL,1974,71.47202439,796.9092,3134031
10359,Ireland,IRL,1975,71.61660976,839.4058,3183759
10360,Ireland,IRL,1976,71.78278049,818.3842,3233907
10361,Ireland,IRL,1977,71.969,832.657,3284081
10362,Ireland,IRL,1978,72.17373171,926.5445,3332644
10363,Ireland,IRL,1979,72.39346341,991.5204,3377699
10364,Ireland,IRL,1980,72.6232439,1114.6872,3417798
10365,Ireland,IRL,1981,72.85609756,1076.802,3452589
10366,Ireland,IRL,1982,73.08807317,1068.9027,3482073
10367,Ireland,IRL,1983,73.31368293,1062.5368,3505714
10368,Ireland,IRL,1984,73.53146341,1076.9617,3523059
10369,Ireland,IRL,1985,73.74236585,1111.1945,3534103
10370,Ireland,IRL,1986,73.95141463,1090.8688,3538519
10371,Ireland,IRL,1987,74.16253659,1091.6078,3537244
10372,Ireland,IRL,1988,74.37770732,1097.7704,3533181
10373,Ireland,IRL,1989,74.59590244,1094.6361,3530188
10374,Ireland,IRL,1990,74.80909756,1155.6888,3531219
10375,Ireland,IRL,1991,75.00526829,1265.4578,3537626
10376,Ireland,IRL,1992,75.18095122,1354.83,3549302
10377,Ireland,IRL,1993,75.33612195,1395.2998,3565952
10378,Ireland,IRL,1994,75.47680488,1446.3336,3586685
10379,Ireland,IRL,1995,75.61756098,1535.2678,3610958
10380,Ireland,IRL,1996,75.83170732,1617.2544,3638457
10381,Ireland,IRL,1997,75.98536585,1755.6332,3669860
10382,Ireland,IRL,1998,76.1804878,1824.7354,3706687
10383,Ireland,IRL,1999,76.08292683,1981.8331,3750945
10384,Ireland,IRL,2000,76.53658537,2277.413,3803780
10385,Ireland,IRL,2001,77.13414634,2571.5499,3865820
10386,Ireland,IRL,2002,77.63414634,2792.6566,3935781
10387,Ireland,IRL,2003,78.13902439,2991.0384,4010506
10388,Ireland,IRL,2004,78.53902439,3165.1088,4085676
10389,Ireland,IRL,2005,78.94390244,3490.7445,4158042
10390,Ireland,IRL,2006,79.24146341,3545.7522,4226428
10391,Ireland,IRL,2007,79.64146341,3776.9736,4291258
10392,Ireland,IRL,2008,80.09512195,4225.5888,4352866
10393,Ireland,IRL,2009,80.1902439,4560.1121,4412181
10394,Ireland,IRL,2010,80.74390244,4585.4044,4469900
10395,Ireland,IRL,2011,80.74634146,4370.0642,4525802
10396,Ireland,IRL,2012,80.84634146,4467.5385,4579498
10397,Ireland,IRL,2013,81,4676.9454,4631391
10551,Israel,ISR,1975,72.04512195,687.5623,3336984
10552,Israel,ISR,1976,72.95609756,773.9488,3428067
10553,Israel,ISR,1977,72.95853659,862.3993,3514143
10554,Israel,ISR,1978,73.20731707,978.0838,3595324
10555,Israel,ISR,1979,73.50731707,1099.545,3672295
10556,Israel,ISR,1980,73.87560976,1106.423,3745797
10557,Israel,ISR,1981,74.26097561,1109.3591,3816400
10558,Israel,ISR,1982,74.1097561,1121.3554,3884594
10559,Israel,ISR,1983,74.45853659,1213.6878,3951159
10560,Israel,ISR,1984,74.80731707,1463.6916,4017024
10561,Israel,ISR,1985,75.20731707,1114.3894,4083495
10562,Israel,ISR,1986,74.95609756,1064.7676,4149457
10563,Israel,ISR,1987,75.25853659,1140.0856,4216475
10564,Israel,ISR,1988,74.43658537,1198.6498,4291626
10565,Israel,ISR,1989,76.30731707,1272.1907,4384139
10566,Israel,ISR,1990,76.60731707,1244.5814,4499949
10567,Israel,ISR,1991,76.75853659,1203.9738,4642324
10568,Israel,ISR,1992,76.50487805,1305.82,4807603
10569,Israel,ISR,1993,77.15365854,1358.864,4986162
10570,Israel,ISR,1994,77.40243902,1524.3042,5164345
10571,Israel,ISR,1995,77.45121951,1540.9732,5332079
10572,Israel,ISR,1996,78.10487805,1613.0248,5486774
10573,Israel,ISR,1997,78,1668.5784,5630785
10574,Israel,ISR,1998,78.14878049,1683.9816,5765115
10575,Israel,ISR,1999,78.65853659,1628.6461,5892366
10576,Israel,ISR,2000,78.95365854,1731.985,6014953
10577,Israel,ISR,2001,79.40731707,1802.3905,6131313
10578,Israel,ISR,2002,79.45121951,1746.3998,6241593
10579,Israel,ISR,2003,79.64878049,1723.6955,6352106
10580,Israel,ISR,2004,80.14634146,1762.0028,6471236
10581,Israel,ISR,2005,80.15121951,1827.5507,6604572
10582,Israel,ISR,2006,80.55365854,1850.0258,6755143
10583,Israel,ISR,2007,80.50487805,1919.0778,6920182
10584,Israel,ISR,2008,80.95121951,1966.125,7092324
10585,Israel,ISR,2009,81.40487805,1966.5113,7260949
10586,Israel,ISR,2010,81.60243902,2025.5808,7418400
10587,Israel,ISR,2011,81.65609756,2085.0105,7562194
10588,Israel,ISR,2012,81.70487805,2138.5689,7694670
10589,Israel,ISR,2013,82.05609756,2259.7685,7818860
10763,Italy,ITA,1988,76.37073171,1892.0396,56824700
10764,Italy,ITA,1989,76.8195122,1950.7967,56824792
10765,Italy,ITA,1990,76.97073171,2094.9595,56832330
10766,Italy,ITA,1991,77.0195122,2196.8754,56856059
10767,Italy,ITA,1992,77.4195122,2173.484,56895154
10768,Italy,ITA,1993,77.72195122,2144.3894,56937520
10769,Italy,ITA,1994,77.92195122,2142.4645,56965197
10770,Italy,ITA,1995,78.17073171,2184.2945,56968039
10771,Italy,ITA,1996,78.52195122,2241.6398,56938342
10772,Italy,ITA,1997,78.82439024,2366.9263,56888300
10773,Italy,ITA,1998,78.97560976,2419.1297,56851522
10774,Italy,ITA,1999,79.42439024,2479.3573,56873677
10775,Italy,ITA,2000,79.77804878,2655.8168,56986329
10776,Italy,ITA,2001,80.12682927,2768.5363,57199219
10777,Italy,ITA,2002,80.22926829,2815.5814,57498867
10778,Italy,ITA,2003,79.98292683,2793.9552,57864332
10779,Italy,ITA,2004,80.7804878,2939.1599,58263782
10780,Italy,ITA,2005,80.78292683,3015.059,58671206
10781,Italy,ITA,2006,81.28292683,3102.4452,59082100
10782,Italy,ITA,2007,81.43414634,3022.4024,59495243
10783,Italy,ITA,2008,81.48536585,3116.1245,59891479
10784,Italy,ITA,2009,81.63658537,3073.9197,60248654
10785,Italy,ITA,2010,82.03658537,3108.2039,60550848
10786,Italy,ITA,2011,82.18780488,3079.2887,60788694
10787,Italy,ITA,2012,82.23902439,2986.9155,60964145
10788,Italy,ITA,2013,82.6902439,2886.7033,61087395
11065,Japan,JPN,1970,71.9502439,623.3711,103710287
11066,Japan,JPN,1971,72.88292683,660.3299,105145914
11067,Japan,JPN,1972,73.50658537,722.6373,106619818
11068,Japan,JPN,1973,73.75756098,749.5743,108089192
11069,Japan,JPN,1974,74.39390244,802.0178,109498615
11070,Japan,JPN,1975,75.05731707,903.0019,110808090
11071,Japan,JPN,1976,75.45682927,929.4517,111996339
11072,Japan,JPN,1977,75.89829268,985.1609,113071149
11073,Japan,JPN,1978,76.03829268,1062.5623,114057650
11074,Japan,JPN,1979,76.33756098,1135.0667,114996088
11075,Japan,JPN,1980,76.09170732,1235.055,115914688
11076,Japan,JPN,1981,76.41439024,1291.5449,116823958
11077,Japan,JPN,1982,76.92292683,1358.6788,117711145
11078,Japan,JPN,1983,76.96146341,1412.5784,118554190
11079,Japan,JPN,1984,77.36536585,1422.3298,119320901
11080,Japan,JPN,1985,77.6504878,1517.8435,119990547
11081,Japan,JPN,1986,78.06463415,1541.7301,120553260
11082,Japan,JPN,1987,78.48365854,1599.8228,121023579
11083,Japan,JPN,1988,78.39926829,1630.6228,121434677
11084,Japan,JPN,1989,78.81804878,1643.1504,121832924
11085,Japan,JPN,1990,78.83682927,1682.9817,122251184
11086,Japan,JPN,1991,79.10073171,1744.4086,122703017
11087,Japan,JPN,1992,79.15390244,1830.072,123177552
11088,Japan,JPN,1993,79.29365854,1910.1008,123653405
11089,Japan,JPN,1994,79.68707317,2003.6661,124097649
11090,Japan,JPN,1995,79.53634146,1963.2829,124486744
11091,Japan,JPN,1996,80.2002439,1969.6699,124814986
11092,Japan,JPN,1997,80.42414634,2073.7872,125091571
11093,Japan,JPN,1998,80.50146341,2114.316,125325617
11094,Japan,JPN,1999,80.57073171,2219.6448,125531619
11095,Japan,JPN,2000,81.07609756,2330.8806,125720310
11096,Japan,JPN,2001,81.41707317,2403.8792,125893623
11097,Japan,JPN,2002,81.56341463,2443.5713,126048366
11098,Japan,JPN,2003,81.76,2525.473,126184149
11099,Japan,JPN,2004,82.0302439,2602.057,126299414
11100,Japan,JPN,2005,81.92512195,2692.0869,126392944
11101,Japan,JPN,2006,82.32195122,2743.601,126464789
11102,Japan,JPN,2007,82.50707317,2821.3057,126515486
11103,Japan,JPN,2008,82.58756098,2906.937,126544640
11104,Japan,JPN,2009,82.93146341,3035.3095,126551705
11105,Japan,JPN,2010,82.84268293,3204.9489,126535920
11106,Japan,JPN,2011,82.59121951,3725.9524,126497241
11107,Japan,JPN,2012,83.09609756,3858.7176,126434653
11108,Japan,JPN,2013,83.33195122,3951.9544,126345235
12021,Latvia,LVA,1995,66.39121951,418.2962,2492095
12022,Latvia,LVA,1996,68.77658537,473.0512,2462617
12023,Latvia,LVA,1997,69.34926829,536.5739,2438994
12024,Latvia,LVA,1998,69.01219512,570.6879,2419819
12025,Latvia,LVA,1999,69.74292683,622.1972,2402452
12026,Latvia,LVA,2000,70.31463415,626.0707,2384972
12027,Latvia,LVA,2001,70.76097561,696.9402,2367302
12028,Latvia,LVA,2002,70.96097561,756.3974,2350340
12029,Latvia,LVA,2003,71.26585366,795.6183,2334225
12030,Latvia,LVA,2004,72.02682927,929.6818,2319229
12031,Latvia,LVA,2005,71.35609756,978.9398,2305528
12032,Latvia,LVA,2006,70.86585366,1082.8852,2293080
12033,Latvia,LVA,2007,71.0195122,1207.1463,2281693
12034,Latvia,LVA,2008,72.4195122,1146.5548,2271198
12035,Latvia,LVA,2009,73.0804878,1091.5743,2261380
12036,Latvia,LVA,2010,73.48292683,1071.4247,2252060
12037,Latvia,LVA,2011,73.57560976,1052.3074,2243142
12038,Latvia,LVA,2012,73.77804878,1078.4919,2234572
12039,Latvia,LVA,2013,73.98292683,1116.1671,2226260
12735,Luxembourg,LUX,1995,76.51219512,3316.7824,407522
12736,Luxembourg,LUX,1996,76.5195122,3373.0684,413377
12737,Luxembourg,LUX,1997,76.8804878,3489.2365,419355
12738,Luxembourg,LUX,1998,77.01707317,3712.8361,425216
12739,Luxembourg,LUX,1999,77.77073171,4052.5576,430650
12740,Luxembourg,LUX,2000,77.87317073,4607.0129,435491
12741,Luxembourg,LUX,2001,77.82439024,5120.9327,439509
12742,Luxembourg,LUX,2002,77.96585366,5534.7542,442882
12743,Luxembourg,LUX,2003,77.72682927,5733.3215,446340
12744,Luxembourg,LUX,2004,79.12195122,6206.8898,450888
12745,Luxembourg,LUX,2005,79.43170732,6192.6627,457197
12746,Luxembourg,LUX,2006,79.28780488,6020.6356,465586
12747,Luxembourg,LUX,2007,79.38292683,5982.6009,475714
12748,Luxembourg,LUX,2008,80.53902439,6130.7386,486781
12749,Luxembourg,LUX,2009,80.63658537,6451.6554,497637
12750,Luxembourg,LUX,2010,80.63170732,6401.8972,507448
12751,Luxembourg,LUX,2011,80.98780488,5628.0203,515941
12752,Luxembourg,LUX,2012,81.39268293,5811.1547,523362
12753,Luxembourg,LUX,2013,81.8,5787.4369,530018
13850,Mexico,MEX,1990,70.836,505.5678,84306602
13851,Mexico,MEX,1991,71.235,557.5118,85923799
13852,Mexico,MEX,1992,71.633,609.8756,87523328
13853,Mexico,MEX,1993,72.029,634.2963,89109703
13854,Mexico,MEX,1994,72.418,652.7527,90691331
13855,Mexico,MEX,1995,72.796,587.714,92272749
13856,Mexico,MEX,1996,73.158,553.3215,93858373
13857,Mexico,MEX,1997,73.498,598.4016,95441345
13858,Mexico,MEX,1998,73.814,631.4867,97001933
13859,Mexico,MEX,1999,74.103,662.6147,98513690
13860,Mexico,MEX,2000,74.364,689.5147,99959594
13861,Mexico,MEX,2001,74.598,736.5952,101329543
13862,Mexico,MEX,2002,74.809,754.4262,102634153
13863,Mexico,MEX,2003,75.002,830.7156,103902569
13864,Mexico,MEX,2004,75.18,870.4653,105175967
13865,Mexico,MEX,2005,75.347,868.577,106483757
13866,Mexico,MEX,2006,75.505,869.6953,107835259
13867,Mexico,MEX,2007,75.656,902.7412,109220753
13868,Mexico,MEX,2008,75.802,891.0721,110627158
13869,Mexico,MEX,2009,75.948,900.0231,112033369
13870,Mexico,MEX,2010,76.096,911.3509,113423047
13871,Mexico,MEX,2011,76.251,895.0437,114793341
13872,Mexico,MEX,2012,76.412,947.8146,116146768
13873,Mexico,MEX,2013,76.579,965.7668,117478371
15132,Netherlands,NLD,1972,73.72707317,1263.8102,13231426
15133,Netherlands,NLD,1973,74.14390244,1335.5067,13360546
15134,Netherlands,NLD,1974,74.53682927,1429.309,13483746
15135,Netherlands,NLD,1975,74.49878049,1500.9013,13600423
15136,Netherlands,NLD,1976,74.64707317,1544.7651,13710713
15137,Netherlands,NLD,1977,75.22146341,1587.6873,13814863
15138,Netherlands,NLD,1978,75.14512195,1644.9819,13912617
15139,Netherlands,NLD,1979,75.60609756,1708.9465,14003707
15140,Netherlands,NLD,1980,75.74317073,1765.0192,14088274
15141,Netherlands,NLD,1981,75.93439024,1763.385,14166213
15142,Netherlands,NLD,1982,75.98853659,1792.5578,14238594
15143,Netherlands,NLD,1983,76.16414634,1822.6207,14308217
15144,Netherlands,NLD,1984,76.23317073,1796.0595,14378740
15145,Netherlands,NLD,1985,76.28463415,1830.735,14452941
15146,Netherlands,NLD,1986,76.2704878,1896.0149,14531566
15147,Netherlands,NLD,1987,76.70512195,1951.6413,14614382
15148,Netherlands,NLD,1988,76.8902439,1984.4914,14701901
15149,Netherlands,NLD,1989,76.73414634,2111.5755,14794378
15150,Netherlands,NLD,1990,76.87804878,2235.2966,14891719
15151,Netherlands,NLD,1991,77,2329.3287,14994691
15152,Netherlands,NLD,1992,77.21707317,2419.1975,15102709
15153,Netherlands,NLD,1993,76.91658537,2465.4183,15212612
15154,Netherlands,NLD,1994,77.37512195,2483.7328,15320112
15155,Netherlands,NLD,1995,77.40463415,2517.7319,15422165
15156,Netherlands,NLD,1996,77.43560976,2569.5265,15517122
15157,Netherlands,NLD,1997,77.79439024,2598.2123,15605817
15158,Netherlands,NLD,1998,77.88292683,2726.8316,15690705
15159,Netherlands,NLD,1999,77.83658537,2845.7887,15775532
15160,Netherlands,NLD,2000,77.98780488,2895.4987,15862825
15161,Netherlands,NLD,2001,78.1902439,3094.8154,15953446
15162,Netherlands,NLD,2002,78.29268293,3290.5559,16045935
15163,Netherlands,NLD,2003,78.49268293,3492.0137,16137709
15164,Netherlands,NLD,2004,79.09512195,3577.4411,16225091
15165,Netherlands,NLD,2005,79.34634146,4026.956,16305457
15166,Netherlands,NLD,2006,79.69756098,4114.4114,16377959
15167,Netherlands,NLD,2007,80.09756098,4261.8189,16443483
15168,Netherlands,NLD,2008,80.25121951,4418.9235,16503263
15169,Netherlands,NLD,2009,80.54878049,4549.9608,16559268
15170,Netherlands,NLD,2010,80.70243902,4671.0098,16612988
15171,Netherlands,NLD,2011,81.20487805,4749.1091,16664746
15172,Netherlands,NLD,2012,81.10487805,4850.2599,16714228
15173,Netherlands,NLD,2013,81.30487805,4851.3257,16761552
15353,New Zealand,NZL,1970,71.27317073,964.0011,2819597
15354,New Zealand,NZL,1971,71.77317073,971.3469,2871885
15355,New Zealand,NZL,1972,71.82926829,1010.1016,2930577
15356,New Zealand,NZL,1973,71.66829268,1109.8231,2990130
15357,New Zealand,NZL,1974,71.92439024,1285.533,3042757
15358,New Zealand,NZL,1975,72.2195122,1353.0442,3083108
15359,New Zealand,NZL,1976,72.42195122,1251.9901,3109010
15360,New Zealand,NZL,1977,72.16829268,1253.1327,3122855
15361,New Zealand,NZL,1978,73.0195122,1342.602,3129440
15362,New Zealand,NZL,1979,73.06829268,1273.7866,3135831
15363,New Zealand,NZL,1980,72.82926829,1176.5672,3147183
15364,New Zealand,NZL,1981,73.62195122,1208.6914,3165407
15365,New Zealand,NZL,1982,73.72439024,1240.6746,3189133
15366,New Zealand,NZL,1983,73.77560976,1236.9665,3216318
15367,New Zealand,NZL,1984,74.37073171,1219.59,3243586
15368,New Zealand,NZL,1985,73.82926829,1132.5728,3268709
15369,New Zealand,NZL,1986,74.12195122,1183.0917,3290651
15370,New Zealand,NZL,1987,74.17804878,1246.6725,3310922
15371,New Zealand,NZL,1988,74.42439024,1392.8127,3332798
15372,New Zealand,NZL,1989,74.82439024,1427.2557,3360829
15373,New Zealand,NZL,1990,75.37804878,1511.9218,3397983
15374,New Zealand,NZL,1991,76.03170732,1535.9415,3446005
15375,New Zealand,NZL,1992,76.12439024,1566.8143,3503125
15376,New Zealand,NZL,1993,76.43414634,1581.1303,3564531
15377,New Zealand,NZL,1994,76.88292683,1643.8037,3623421
15378,New Zealand,NZL,1995,76.73414634,1698.1658,3675060
15379,New Zealand,NZL,1996,76.78780488,1712.736,3717342
15380,New Zealand,NZL,1997,77.33414634,1793.7497,3752131
15381,New Zealand,NZL,1998,78.08536585,1901.6718,3783470
15382,New Zealand,NZL,1999,77.8902439,1958.3694,3817367
15383,New Zealand,NZL,2000,78.63658537,2009.2265,3858032
15384,New Zealand,NZL,2001,78.69268293,2103.912,3906830
15385,New Zealand,NZL,2002,78.84634146,2264.4581,3961978
15386,New Zealand,NZL,2003,79.14634146,2268.0002,4020769
15387,New Zealand,NZL,2004,79.54878049,2360.5568,4079130
15388,New Zealand,NZL,2005,79.85121951,2525.4906,4134117
15389,New Zealand,NZL,2006,80.04878049,2670.6987,4184903
15390,New Zealand,NZL,2007,80.15121951,2645.6815,4232461
15391,New Zealand,NZL,2008,80.35121951,2837.608,4277809
15392,New Zealand,NZL,2009,80.70243902,3028.8743,4322628
15393,New Zealand,NZL,2010,80.70243902,3020.3961,4368136
15394,New Zealand,NZL,2011,80.90487805,3047.9186,4414509
15395,New Zealand,NZL,2012,81.15609756,3150.6606,4461257
15396,New Zealand,NZL,2013,81.40731707,3084.7375,4508166
16090,Norway,NOR,1970,74.08804878,846.9044,3877383
16091,Norway,NOR,1971,74.17926829,948.4623,3906490
16092,Norway,NOR,1972,74.34463415,1068.0202,3934529
16093,Norway,NOR,1973,74.44219512,1147.8994,3961021
16094,Norway,NOR,1974,74.75365854,1184.7628,3985401
16095,Norway,NOR,1975,74.81756098,1312.8012,4007312
16096,Norway,NOR,1976,75.0395122,1397.1974,4026586
16097,Norway,NOR,1977,75.38682927,1499.7419,4043440
16098,Norway,NOR,1978,75.41853659,1699.6421,4058407
16099,Norway,NOR,1979,75.41390244,1651.6198,4072258
16100,Norway,NOR,1980,75.67170732,1737.859,4085621
16101,Norway,NOR,1981,75.86902439,1782.7722,4098699
16102,Norway,NOR,1982,76.01097561,1833.8316,4111566
16103,Norway,NOR,1983,76.06682927,1947.5575,4124588
16104,Norway,NOR,1984,76.22439024,1938.0624,4138150
16105,Norway,NOR,1985,75.91682927,2025.9757,4152560
16106,Norway,NOR,1986,76.24121951,2075.2096,4168003
16107,Norway,NOR,1987,76.08170732,2140.5139,4184566
16108,Norway,NOR,1988,76.2204878,2119.0708,4202325
16109,Norway,NOR,1989,76.5004878,2112.6695,4221299
16110,Norway,NOR,1990,76.53731707,2519.8144,4241485
16111,Norway,NOR,1991,76.98073171,2660.3272,4262932
16112,Norway,NOR,1992,77.18439024,2737.9341,4285620
16113,Norway,NOR,1993,77.15170732,2761.3593,4309369
16114,Norway,NOR,1994,77.6897561,2800.1692,4333931
16115,Norway,NOR,1995,77.73658537,2863.3941,4359096
16116,Norway,NOR,1996,78.1504878,3034.7886,4385139
16117,Norway,NOR,1997,78.14268293,3426.2475,4412092
16118,Norway,NOR,1998,78.32926829,3639.4707,4439248
16119,Norway,NOR,1999,78.28292683,3826.0384,4465664
16120,Norway,NOR,2000,78.63414634,4003.9711,4490859
16121,Norway,NOR,2001,78.78536585,4139.3039,4513953
16122,Norway,NOR,2002,78.98780488,4504.0563,4535599
16123,Norway,NOR,2003,79.3902439,4633.588,4558660
16124,Norway,NOR,2004,79.84146341,4734.1539,4587046
16125,Norway,NOR,2005,80.04146341,4822.7491,4623298
16126,Norway,NOR,2006,80.34390244,4846.3557,4668802
16127,Norway,NOR,2007,80.39512195,4965.1445,4722016
16128,Norway,NOR,2008,80.59268293,5149.5973,4778959
16129,Norway,NOR,2009,80.79512195,5254.0755,4834002
16130,Norway,NOR,2010,80.99756098,5240.4165,4883111
16131,Norway,NOR,2011,81.29512195,5387.9816,4924848
16132,Norway,NOR,2012,81.45121951,5499.0862,4960482
16133,Norway,NOR,2013,81.75121951,5557.2025,4991997
17205,Poland,POL,1990,70.8902439,427.8173,38056174
17206,Poland,POL,1991,70.58780488,438.6615,38160714
17207,Poland,POL,1992,71.0902439,469.5296,38247716
17208,Poland,POL,1993,71.59512195,495.4858,38316289
17209,Poland,POL,1994,71.69512195,508.6694,38364540
17210,Poland,POL,1995,71.89268293,534.474,38391778
17211,Poland,POL,1996,72.24634146,603.1162,38398942
17212,Poland,POL,1997,72.64634146,625.1421,38389116
17213,Poland,POL,1998,72.99756098,643.9559,38366420
17214,Poland,POL,1999,73.04390244,732.2129,38336047
17215,Poland,POL,2000,73.74878049,749.8991,38302444
17216,Poland,POL,2001,74.2,814.007,38266810
17217,Poland,POL,2002,74.49756098,889.627,38230497
17218,Poland,POL,2003,74.59756098,904.2159,38198151
17219,Poland,POL,2004,74.84634146,942.0814,38175134
17220,Poland,POL,2005,74.99512195,965.1666,38165040
17221,Poland,POL,2006,75.14390244,1023.0938,38170330
17222,Poland,POL,2007,75.24390244,1107.0177,38189762
17223,Poland,POL,2008,75.54390244,1255.96,38218462
17224,Poland,POL,2009,75.69512195,1332.3118,38249228
17225,Poland,POL,2010,76.24634146,1340.7184,38276660
17226,Poland,POL,2011,76.69512195,1366.5163,38298949
17227,Poland,POL,2012,76.74634146,1380.6929,38317090
17228,Poland,POL,2013,77,1455.2589,38331803
17384,Portugal,PRT,1970,67.07317073,237.0312,8684237
17385,Portugal,PRT,1971,66.77073171,271.9299,8732165
17386,Portugal,PRT,1972,68.32439024,362.9296,8820645
17387,Portugal,PRT,1973,67.52439024,436.2657,8939024
17388,Portugal,PRT,1974,68.0195122,465.4141,9070905
17389,Portugal,PRT,1975,68.3097561,586.6569,9203339
17390,Portugal,PRT,1976,68.86097561,589.9406,9333952
17391,Portugal,PRT,1977,70.01219512,550.1092,9463583
17392,Portugal,PRT,1978,70.31707317,577.0041,9586166
17393,Portugal,PRT,1979,71.16829268,586.0709,9695175
17394,Portugal,PRT,1980,71.21463415,709.0758,9785924
17395,Portugal,PRT,1981,71.61463415,749.3987,9855958
17396,Portugal,PRT,1982,72.41463415,769.8922,9905701
17397,Portugal,PRT,1983,72.26585366,725.81,9937389
17398,Portugal,PRT,1984,72.51463415,727.9294,9955005
17399,Portugal,PRT,1985,72.81463415,809.3355,9962255
17400,Portugal,PRT,1986,73.26585366,930.6231,9958747
17401,Portugal,PRT,1987,73.66585366,962.9728,9945601
17402,Portugal,PRT,1988,73.71463415,1079.2977,9930001
17403,Portugal,PRT,1989,74.26585366,1060.3577,9921120
17404,Portugal,PRT,1990,73.96585366,1100.2537,9925477
17405,Portugal,PRT,1991,74.01463415,1260.1745,9946333
17406,Portugal,PRT,1992,74.31219512,1305.9827,9982069
17407,Portugal,PRT,1993,74.51219512,1332.6912,10028171
17408,Portugal,PRT,1994,74.91463415,1336.6224,10077548
17409,Portugal,PRT,1995,75.31219512,1555.9956,10124943
17410,Portugal,PRT,1996,75.26097561,1660.6355,10169044
17411,Portugal,PRT,1997,75.41219512,1717.3753,10211281
17412,Portugal,PRT,1998,75.71219512,1782.9635,10252334
17413,Portugal,PRT,1999,75.96341463,1901.5175,10293668
17414,Portugal,PRT,2000,76.31463415,2153.7887,10336209
17415,Portugal,PRT,2001,76.81463415,2187.8126,10379756
17416,Portugal,PRT,2002,77.06585366,2232.7837,10423256
17417,Portugal,PRT,2003,77.2195122,2292.0779,10465808
17418,Portugal,PRT,2004,77.67073171,2431.0609,10506253
17419,Portugal,PRT,2005,78.07073171,2481.444,10543663
17420,Portugal,PRT,2006,78.4195122,2436.1823,10577630
17421,Portugal,PRT,2007,78.32195122,2472.8037,10608036
17422,Portugal,PRT,2008,78.52439024,2552.405,10634612
17423,Portugal,PRT,2009,78.72682927,2613.2917,10657175
17424,Portugal,PRT,2010,79.02682927,2645.6631,10675572
17425,Portugal,PRT,2011,80.47073171,2524.7798,10689663
17426,Portugal,PRT,2012,80.37317073,2386.2305,10699333
17427,Portugal,PRT,2013,80.72195122,2306.5946,10704534
19221,Slovenia,SVN,1995,73.95853659,1302.0993,1966205
19222,Slovenia,SVN,1996,74.45853659,1382.4006,1971488
19223,Slovenia,SVN,1997,74.70731707,1476.5463,1975755
19224,Slovenia,SVN,1998,74.80731707,1537.2319,1979261
19225,Slovenia,SVN,1999,75.0097561,1615.3151,1982378
19226,Slovenia,SVN,2000,75.41219512,1775.6261,1985406
19227,Slovenia,SVN,2001,75.75853659,1891.9529,1988385
19228,Slovenia,SVN,2002,76.00731707,1864.5666,1991319
19229,Slovenia,SVN,2003,76.85853659,1936.9238,1994426
19230,Slovenia,SVN,2004,77.20731707,1981.1986,1997959
19231,Slovenia,SVN,2005,77.61219512,2066.8623,2002084
19232,Slovenia,SVN,2006,78.08658537,2132.2841,2006903
19233,Slovenia,SVN,2007,78.56097561,2178.1724,2012345
19234,Slovenia,SVN,2008,78.76585366,2352.881,2018172
19235,Slovenia,SVN,2009,78.97073171,2345.0101,2024040
19236,Slovenia,SVN,2010,79.42195122,2363.6692,2029680
19237,Slovenia,SVN,2011,79.97073171,2368.1191,2035012
19238,Slovenia,SVN,2012,80.12439024,2350.1776,2040057
19239,Slovenia,SVN,2013,80.32195122,2329.7555,2044766
19961,Spain,ESP,1970,72.02731707,448.6712,33791761
19962,Spain,ESP,1971,71.6302439,529.0742,34165661
19963,Spain,ESP,1972,72.81804878,598.3453,34553119
19964,Spain,ESP,1973,72.61073171,625.202,34949102
19965,Spain,ESP,1974,72.9697561,712.0427,35346395
19966,Spain,ESP,1975,73.31878049,737.2338,35738587
19967,Spain,ESP,1976,73.64268293,838.3206,36124485
19968,Spain,ESP,1977,74.13195122,897.2817,36501995
19969,Spain,ESP,1978,74.29560976,904.8541,36862658
19970,Spain,ESP,1979,74.81878049,887.8727,37196233
19971,Spain,ESP,1980,75.34926829,913.767,37495321
19972,Spain,ESP,1981,75.52853659,930.2032,37757496
19973,Spain,ESP,1982,76.13414634,953.6557,37984198
19974,Spain,ESP,1983,75.90902439,994.0806,38177151
19975,Spain,ESP,1984,76.29536585,972.3343,38339878
19976,Spain,ESP,1985,76.2595122,969.0119,38476148
19977,Spain,ESP,1986,76.5104878,989.7395,38586351
19978,Spain,ESP,1987,76.72804878,1056.5485,38673057
19979,Spain,ESP,1988,76.74707317,1232.2096,38745231
19980,Spain,ESP,1989,76.81365854,1317.4873,38814280
19981,Spain,ESP,1990,76.83756098,1444.19,38889158
19982,Spain,ESP,1991,76.97121951,1522.8289,38979222
19983,Spain,ESP,1992,77.41,1623.3291,39086335
19984,Spain,ESP,1993,77.54658537,1674.5823,39203352
19985,Spain,ESP,1994,77.90146341,1691.7669,39318577
19986,Spain,ESP,1995,77.98073171,1773.4063,39426834
19987,Spain,ESP,1996,78.1204878,1822.1491,39519508
19988,Spain,ESP,1997,78.60414634,1853.2472,39608652
19989,Spain,ESP,1998,78.66585366,1916.3749,39734033
19990,Spain,ESP,1999,78.71707317,1993.7851,39948910
19991,Spain,ESP,2000,78.96585366,2049.5785,40288457
19992,Spain,ESP,2001,79.36829268,2095.6373,40767010
19993,Spain,ESP,2002,79.56829268,2127.0201,41364726
19994,Spain,ESP,2003,79.6195122,2385.9139,42039800
19995,Spain,ESP,2004,79.87073171,2447.9456,42732092
19996,Spain,ESP,2005,80.17073171,2515.3131,43395441
19997,Spain,ESP,2006,80.82195122,2602.8273,44017887
19998,Spain,ESP,2007,80.87317073,2679.2603,44604384
19999,Spain,ESP,2008,81.17560976,2820.1949,45146258
20000,Spain,ESP,2009,81.47560976,2919.5785,45638113
20001,Spain,ESP,2010,81.62682927,2917.9495,46076989
20002,Spain,ESP,2011,82.47560976,2902.7335,46454895
20003,Spain,ESP,2012,82.42682927,2824.2009,46771596
20004,Spain,ESP,2013,83.07804878,2755.9181,47042602
20729,Sweden,SWE,1970,74.64926829,1168.3438,8042839
20730,Sweden,SWE,1971,74.62390244,1264.5827,8084965
20731,Sweden,SWE,1972,74.71804878,1311.8471,8117863
20732,Sweden,SWE,1973,74.86731707,1355.4941,8144217
20733,Sweden,SWE,1974,74.9804878,1450.5871,8168135
20734,Sweden,SWE,1975,74.98463415,1549.189,8192569
20735,Sweden,SWE,1976,74.96926829,1627.8297,8218933
20736,Sweden,SWE,1977,75.3797561,1773.2115,8246302
20737,Sweden,SWE,1978,75.46902439,1810.4277,8272581
20738,Sweden,SWE,1979,75.52414634,1848.868,8294604
20739,Sweden,SWE,1980,75.74097561,1953.5603,8310467
20740,Sweden,SWE,1981,76.02609756,1986.0949,8319266
20741,Sweden,SWE,1982,76.32731707,2031.7116,8322909
20742,Sweden,SWE,1983,76.55170732,2046.4383,8325682
20743,Sweden,SWE,1984,76.81585366,2079.5479,8333446
20744,Sweden,SWE,1985,76.66780488,2013.3008,8350392
20745,Sweden,SWE,1986,76.93121951,1997.8438,8377422
20746,Sweden,SWE,1987,77.09219512,2080.6575,8413155
20747,Sweden,SWE,1988,76.97926829,2099.4967,8456561
20748,Sweden,SWE,1989,77.72682927,2158.6983,8505752
20749,Sweden,SWE,1990,77.53682927,2182.6409,8558829
20750,Sweden,SWE,1991,77.66682927,2139.2097,8616729
20751,Sweden,SWE,1992,77.99878049,2184.6582,8678657
20752,Sweden,SWE,1993,78.0604878,2195.9112,8738894
20753,Sweden,SWE,1994,78.6502439,2154.1985,8789976
20754,Sweden,SWE,1995,78.7404878,2203.4506,8826949
20755,Sweden,SWE,1996,78.95902439,2295.8033,8847421
20756,Sweden,SWE,1997,79.19756098,2304.9606,8853934
20757,Sweden,SWE,1998,79.33902439,2428.7845,8852650
20758,Sweden,SWE,1999,79.44146341,2541.0711,8852487
20759,Sweden,SWE,2000,79.64390244,2656.362,8860153
20760,Sweden,SWE,2001,79.79512195,2916.3359,8877022
20761,Sweden,SWE,2002,79.84634146,3088.2543,8901831
20762,Sweden,SWE,2003,80.09512195,3188.528,8935392
20763,Sweden,SWE,2004,80.49756098,3233.9575,8977965
20764,Sweden,SWE,2005,80.54634146,3318.2521,9029345
20765,Sweden,SWE,2006,80.74878049,3405.7841,9090707
20766,Sweden,SWE,2007,80.9,3458.3971,9161374
20767,Sweden,SWE,2008,81.1,3513.5332,9236872
20768,Sweden,SWE,2009,81.35121951,3553.986,9311110
20769,Sweden,SWE,2010,81.45121951,3543.5822,9379687
20770,Sweden,SWE,2011,81.80243902,4543.4803,9440747
20771,Sweden,SWE,2012,81.70487805,4606.2456,9495392
20772,Sweden,SWE,2013,81.95609756,4693.0745,9545823
20928,Switzerland,CHE,1970,73.0202439,1672.2598,6169124
20929,Switzerland,CHE,1971,73.13073171,1808.617,6221393
20930,Switzerland,CHE,1972,73.64439024,1840.0689,6269871
20931,Switzerland,CHE,1973,73.94097561,1909.8974,6311231
20932,Switzerland,CHE,1974,74.28707317,2058.5251,6340818
20933,Switzerland,CHE,1975,74.66560976,2175.9491,6355947
20934,Switzerland,CHE,1976,74.78536585,2233.4705,6355012
20935,Switzerland,CHE,1977,75.23804878,2293.6911,6340979
20936,Switzerland,CHE,1978,75.18731707,2306.4702,6321339
20937,Switzerland,CHE,1979,75.46609756,2392.3016,6306326
20938,Switzerland,CHE,1980,75.45926829,2505.0154,6303346
20939,Switzerland,CHE,1981,75.69317073,2554.0175,6315530
20940,Switzerland,CHE,1982,76.03390244,2557.1418,6341096
20941,Switzerland,CHE,1983,76.03121951,2699.0504,6376512
20942,Switzerland,CHE,1984,76.60853659,2677.8657,6415987
20943,Switzerland,CHE,1985,76.73365854,2765.2105,6455375
20944,Switzerland,CHE,1986,76.89902439,2871.506,6493102
20945,Switzerland,CHE,1987,77.19756098,2981.6448,6530777
20946,Switzerland,CHE,1988,77.22658537,3076.9371,6571061
20947,Switzerland,CHE,1989,77.42121951,3194.6702,6617925
20948,Switzerland,CHE,1990,77.24243902,3251.551,6673738
20949,Switzerland,CHE,1991,77.51463415,3442.2275,6740104
20950,Switzerland,CHE,1992,77.80609756,3561.0551,6814701
20951,Switzerland,CHE,1993,78.08536585,3556.6773,6891266
20952,Switzerland,CHE,1994,78.35,3604.8755,6961228
20953,Switzerland,CHE,1995,78.41707317,3752.1866,7018702
20954,Switzerland,CHE,1996,78.89609756,3906.0381,7060963
20955,Switzerland,CHE,1997,79.0795122,3982.1448,7090483
20956,Switzerland,CHE,1998,79.32439024,4142.3256,7112948
20957,Switzerland,CHE,1999,79.5804878,4248.5318,7136740
20958,Switzerland,CHE,2000,79.6804878,4344.558,7167908
20959,Switzerland,CHE,2001,80.1804878,4545.3768,7207987
20960,Switzerland,CHE,2002,80.38536585,4706.3575,7254975
20961,Switzerland,CHE,2003,80.53658537,4811.0269,7307078
20962,Switzerland,CHE,2004,81.08780488,4928.0873,7361231
20963,Switzerland,CHE,2005,81.23658537,4964.2494,7415007
20964,Switzerland,CHE,2006,81.4902439,4906.6836,7468350
20965,Switzerland,CHE,2007,81.74146341,4975.4899,7521613
20966,Switzerland,CHE,2008,81.99268293,5100.4791,7573204
20967,Switzerland,CHE,2009,82.04390244,5236.1522,7621211
20968,Switzerland,CHE,2010,82.24634146,5371.4504,7664318
20969,Switzerland,CHE,2011,82.69512195,5485.8134,7701690
20970,Switzerland,CHE,2012,82.69756098,5687.2677,7733709
20971,Switzerland,CHE,2013,82.79756098,5818.7818,7761820
22004,Turkey,TUR,1975,55.387,165.0731,39585821
22005,Turkey,TUR,1976,56.046,140.9377,40446729
22006,Turkey,TUR,1977,56.709,167.3497,41316297
22007,Turkey,TUR,1978,57.37,185.7754,42206204
22008,Turkey,TUR,1979,58.023,185.7688,43132612
22009,Turkey,TUR,1980,58.667,182.3208,44105216
22010,Turkey,TUR,1981,59.297,203.7051,45130008
22011,Turkey,TUR,1982,59.915,171.7645,46198027
22012,Turkey,TUR,1983,60.52,179.843,47285732
22013,Turkey,TUR,1984,61.111,180.2676,48360679
22014,Turkey,TUR,1985,61.682,129.4716,49399630
22015,Turkey,TUR,1986,62.231,167.0179,50393538
22016,Turkey,TUR,1987,62.758,184.8806,51349154
22017,Turkey,TUR,1988,63.266,201.9671,52278499
22018,Turkey,TUR,1989,63.763,216.9416,53200802
22019,Turkey,TUR,1990,64.256,249.5391,54130268
22020,Turkey,TUR,1991,64.757,280.5111,55068880
22021,Turkey,TUR,1992,65.275,287.4862,56012109
22022,Turkey,TUR,1993,65.815,298.9687,56959988
22023,Turkey,TUR,1994,66.377,270.0727,57911273
22024,Turkey,TUR,1995,66.963,265.1805,58864649
22025,Turkey,TUR,1996,67.57,322.5513,59821978
22026,Turkey,TUR,1997,68.189,367.7261,60783217
22027,Turkey,TUR,1998,68.807,427.0581,61742674
22028,Turkey,TUR,1999,69.417,516.4664,62692616
22029,Turkey,TUR,2000,70.008,575.1512,63627862
22030,Turkey,TUR,2001,70.571,582.2162,64544914
22031,Turkey,TUR,2002,71.102,634.4325,65446165
22032,Turkey,TUR,2003,71.6,656.849,66339433
22033,Turkey,TUR,2004,72.06,697.9255,67235927
22034,Turkey,TUR,2005,72.481,748.9754,68143186
22035,Turkey,TUR,2006,72.866,832.1519,69063538
22036,Turkey,TUR,2007,73.219,878.5876,69992754
22037,Turkey,TUR,2008,73.549,871.6667,70923730
22038,Turkey,TUR,2009,73.859,862.9134,71846212
22039,Turkey,TUR,2010,74.154,852.6704,72752325
22040,Turkey,TUR,2011,74.437,862.9516,73639596
22041,Turkey,TUR,2012,74.711,856.9456,74508771
22042,Turkey,TUR,2013,74.977,903.5676,75359032
22623,United Kingdom,GBR,1970,71.97317073,656.0517,55645390
22624,United Kingdom,GBR,1971,72.27317073,684.045,55819499
22625,United Kingdom,GBR,1972,72.12439024,723.019,55964697
22626,United Kingdom,GBR,1973,72.32439024,755.9272,56081455
22627,United Kingdom,GBR,1974,72.52439024,851.4209,56170690
22628,United Kingdom,GBR,1975,72.72439024,889.9373,56234250
22629,United Kingdom,GBR,1976,72.77560976,920.0744,56273041
22630,United Kingdom,GBR,1977,73.22439024,924.6097,56290629
22631,United Kingdom,GBR,1978,73.17560976,953.2253,56295032
22632,United Kingdom,GBR,1979,73.27560976,975.3974,56296406
22633,United Kingdom,GBR,1980,73.67560976,1018.0133,56303011
22634,United Kingdom,GBR,1981,74.02682927,1053.2004,56317534
22635,United Kingdom,GBR,1982,74.17804878,1042.4711,56341308
22636,United Kingdom,GBR,1983,74.37804878,1128.0444,56379327
22637,United Kingdom,GBR,1984,74.77804878,1133.5529,56436762
22638,United Kingdom,GBR,1985,74.62926829,1155.5843,56516908
22639,United Kingdom,GBR,1986,74.92926829,1185.9615,56622956
22640,United Kingdom,GBR,1987,75.2804878,1262.1952,56753658
22641,United Kingdom,GBR,1988,75.3804878,1310.9193,56902081
22642,United Kingdom,GBR,1989,75.58292683,1326.9804,57058173
22643,United Kingdom,GBR,1990,75.8804878,1344.0919,57214474
22644,United Kingdom,GBR,1991,76.08292683,1426.0631,57369629
22645,United Kingdom,GBR,1992,76.43414634,1545.4584,57525459
22646,United Kingdom,GBR,1993,76.38536585,1600.5217,57681639
22647,United Kingdom,GBR,1994,76.88536585,1681.6816,57838596
22648,United Kingdom,GBR,1995,76.83658537,1709.2018,57997210
22649,United Kingdom,GBR,1996,77.08780488,1745.8191,58156871
22650,United Kingdom,GBR,1997,77.21097561,1748.6616,58318771
22651,United Kingdom,GBR,1998,77.1902439,1837.6474,58488026
22652,United Kingdom,GBR,1999,77.3902439,1965.5434,58671413
22653,United Kingdom,GBR,2000,77.74146341,2044.202,58874117
22654,United Kingdom,GBR,2001,77.99268293,2204.104,59097129
22655,United Kingdom,GBR,2002,78.14390244,2335.376,59339971
22656,United Kingdom,GBR,2003,78.44634146,2487.615,59604347
22657,United Kingdom,GBR,2004,78.74634146,2606.135,59891788
22658,United Kingdom,GBR,2005,79.04878049,2712.273,60202727
22659,United Kingdom,GBR,2006,79.24878049,2812.727,60538143
22660,United Kingdom,GBR,2007,79.44878049,2894.783,60896101
22661,United Kingdom,GBR,2008,79.6,2945.846,61270318
22662,United Kingdom,GBR,2009,80.05121951,3085.415,61652315
22663,United Kingdom,GBR,2010,80.40243902,3036.12,62035570
22664,United Kingdom,GBR,2011,80.95121951,3063.044,62417431
22665,United Kingdom,GBR,2012,80.90487805,3099.058,62798099
22666,United Kingdom,GBR,2013,81.00487805,3673.108,63177406
22822,United States,USA,1970,70.80731707,1452.5874,209463865
22823,United States,USA,1971,71.10731707,1513.5113,211355529
22824,United States,USA,1972,71.15609756,1609.232,213250350
22825,United States,USA,1973,71.35609756,1688.367,215164616
22826,United States,USA,1974,71.95609756,1746.0535,217113584
22827,United States,USA,1975,72.60487805,1809.8533,219108358
22828,United States,USA,1976,72.85609756,1954.6698,221161377
22829,United States,USA,1977,73.25609756,2092.2439,223274855
22830,United States,USA,1978,73.35609756,2177.4709,225436004
22831,United States,USA,1979,73.80487805,2260.2595,227624232
22832,United States,USA,1980,73.6097561,2363.7486,229825004
22833,United States,USA,1981,74.0097561,2485.7482,232035086
22834,United States,USA,1982,74.36097561,2611.8782,234261242
22835,United States,USA,1983,74.46341463,2743.7236,236510688
22836,United States,USA,1984,74.56341463,2902.8663,238794274
22837,United States,USA,1985,74.56341463,3068.3808,241119752
22838,United States,USA,1986,74.61463415,3202.9039,243495805
22839,United States,USA,1987,74.76585366,3364.5363,245920994
22840,United States,USA,1988,74.76585366,3610.2574,248381577
22841,United States,USA,1989,75.01707317,3835.6971,250857751
22842,United States,USA,1990,75.21463415,4093.4464,253339097
22843,United States,USA,1991,75.36585366,4277.884,255807342
22844,United States,USA,1992,75.61707317,4466.39,258275919
22845,United States,USA,1993,75.4195122,4623.3645,260803255
22846,United States,USA,1994,75.6195122,4721.7997,263468980
22847,United States,USA,1995,75.62195122,4835.5526,266323717
22848,United States,USA,1996,76.02682927,4945.7865,269393632
22849,United States,USA,1997,76.42926829,5068.7317,272643340
22850,United States,USA,1998,76.5804878,5243.21,275986072
22851,United States,USA,1999,76.58292683,5425.5428,279300030
22852,United States,USA,2000,76.63658537,5635.34,282496310
22853,United States,USA,2001,76.83658537,5934.7847,285544778
22854,United States,USA,2002,76.93658537,6341.6322,288467308
22855,United States,USA,2003,77.03658537,6695.7248,291290823
22856,United States,USA,2004,77.48780488,6924.3707,294063120
22857,United States,USA,2005,77.48780488,7092.7348,296820296
22858,United States,USA,2006,77.68780488,7269.6777,299564470
22859,United States,USA,2007,77.98780488,7449.0334,302284564
22860,United States,USA,2008,78.03902439,7561.5873,304989064
22861,United States,USA,2009,78.3902439,7778.6191,307686729
22862,United States,USA,2010,78.54146341,7929.372,310383948
22863,United States,USA,2011,78.64146341,8005.7887,313085380
22864,United States,USA,2012,78.74146341,8103.3367,315791284
22865,United States,USA,2013,78.74146341,8157.4229,318497630
